-- phpMyAdmin SQL Dump
-- version 5.2.1
-- https://www.phpmyadmin.net/
--
-- Servidor: 127.0.0.1
-- Tiempo de generación: 19-05-2025 a las 04:41:44
-- Versión del servidor: 10.4.32-MariaDB
-- Versión de PHP: 8.0.30

SET SQL_MODE = "NO_AUTO_VALUE_ON_ZERO";
START TRANSACTION;
SET time_zone = "+00:00";


/*!40101 SET @OLD_CHARACTER_SET_CLIENT=@@CHARACTER_SET_CLIENT */;
/*!40101 SET @OLD_CHARACTER_SET_RESULTS=@@CHARACTER_SET_RESULTS */;
/*!40101 SET @OLD_COLLATION_CONNECTION=@@COLLATION_CONNECTION */;
/*!40101 SET NAMES utf8mb4 */;

--
-- Base de datos: `revive`
--

-- --------------------------------------------------------

--
-- Estructura de tabla para la tabla `comments`
--

CREATE TABLE `comments` (
  `id` int(11) NOT NULL,
  `user_id` int(11) DEFAULT NULL,
  `media_id` int(11) DEFAULT NULL,
  `content` text NOT NULL,
  `timestamp` datetime DEFAULT current_timestamp()
) ENGINE=InnoDB DEFAULT CHARSET=utf8mb4 COLLATE=utf8mb4_general_ci;

-- --------------------------------------------------------

--
-- Estructura de tabla para la tabla `comment_replies`
--

CREATE TABLE `comment_replies` (
  `id` int(11) NOT NULL,
  `comment_id` int(11) DEFAULT NULL,
  `user_id` int(11) DEFAULT NULL,
  `content` text NOT NULL,
  `timestamp` datetime DEFAULT current_timestamp()
) ENGINE=InnoDB DEFAULT CHARSET=utf8mb4 COLLATE=utf8mb4_general_ci;

-- --------------------------------------------------------

--
-- Estructura de tabla para la tabla `contributors`
--

CREATE TABLE `contributors` (
  `id` int(11) NOT NULL,
  `nombre` varchar(255) NOT NULL,
  `apellidos` varchar(255) NOT NULL,
  `descripcion` text DEFAULT NULL,
  `fecha_nacimiento` date DEFAULT NULL
) ENGINE=InnoDB DEFAULT CHARSET=utf8mb4 COLLATE=utf8mb4_general_ci;

--
-- Volcado de datos para la tabla `contributors`
--

INSERT INTO `contributors` (`id`, `nombre`, `apellidos`, `descripcion`, `fecha_nacimiento`) VALUES
(1, 'Scarlett', 'Johansson', 'Actriz conocida por su papel de Viuda Negra.', '1984-11-22'),
(2, 'Robert', 'Downey Jr.', 'Actor famoso por interpretar a Iron Man.', '1965-04-04'),
(3, 'Christopher', 'Nolan', 'Director aclamado por películas como Inception.', '1970-07-30'),
(4, 'Quentin', 'Tarantino', 'Director y guionista conocido por Pulp Fiction.', '1963-03-27'),
(5, 'Meryl', 'Streep', 'Actriz con múltiples premios de la Academia.', '1949-06-22'),
(6, 'Leonardo', 'DiCaprio', 'Actor ganador del Oscar por The Revenant.', '1974-11-11'),
(7, 'Brad', 'Pitt', 'Actor y productor de cine.', '1963-12-18'),
(8, 'Angelina', 'Jolie', 'Actriz y directora de cine.', '1975-06-04'),
(9, 'Tom', 'Hanks', 'Actor reconocido por Forrest Gump.', '1956-07-09'),
(10, 'Nicole', 'Kidman', 'Actriz australiana.', '1967-06-20'),
(11, 'Scarlett', 'Johansson', 'Actriz', '1984-11-22'),
(12, 'Robert', 'Downey Jr.', 'Actor', '1965-04-04'),
(13, 'Christopher', 'Nolan', 'Director', '1970-07-30'),
(14, 'Quentin', 'Tarantino', 'Director', '1963-03-27'),
(15, 'Meryl', 'Streep', 'Actriz', '1949-06-22'),
(16, 'Leonardo', 'DiCaprio', 'Actor', '1974-11-11'),
(17, 'Brad', 'Pitt', 'Actor', '1963-12-18'),
(18, 'Angelina', 'Jolie', 'Actriz', '1975-06-04'),
(19, 'Tom', 'Hanks', 'Actor', '1956-07-09'),
(20, 'Nicole', 'Kidman', 'Actriz', '1967-06-20');

-- --------------------------------------------------------

--
-- Estructura de tabla para la tabla `creditos`
--

CREATE TABLE `creditos` (
  `id` int(11) NOT NULL,
  `mediaID` int(11) NOT NULL,
  `ContributorID` int(11) NOT NULL,
  `departamento` varchar(255) NOT NULL
) ENGINE=InnoDB DEFAULT CHARSET=utf8mb4 COLLATE=utf8mb4_general_ci;

--
-- Volcado de datos para la tabla `creditos`
--

INSERT INTO `creditos` (`id`, `mediaID`, `ContributorID`, `departamento`) VALUES
(1, 76, 19, 'Directing'),
(2, 27, 20, 'Acting'),
(3, 32, 16, 'Acting'),
(4, 88, 10, 'Directing'),
(5, 38, 18, 'Directing'),
(6, 150, 12, 'Directing'),
(7, 186, 18, 'Directing'),
(8, 153, 8, 'Directing'),
(9, 98, 1, 'Directing'),
(10, 46, 18, 'Directing'),
(11, 187, 20, 'Acting'),
(12, 35, 15, 'Acting'),
(13, 207, 6, 'Acting'),
(14, 36, 2, 'Directing'),
(15, 35, 14, 'Directing'),
(16, 68, 18, 'Writing'),
(17, 63, 6, 'Writing'),
(18, 42, 20, 'Acting'),
(19, 205, 17, 'Directing'),
(20, 12, 3, 'Acting'),
(21, 23, 15, 'Directing'),
(22, 169, 9, 'Acting'),
(23, 199, 6, 'Directing'),
(24, 161, 6, 'Directing'),
(25, 203, 14, 'Directing'),
(26, 51, 17, 'Acting'),
(27, 219, 8, 'Directing'),
(28, 80, 2, 'Directing'),
(29, 218, 16, 'Writing'),
(30, 31, 10, 'Writing'),
(31, 144, 19, 'Directing'),
(32, 60, 8, 'Writing'),
(33, 171, 15, 'Directing'),
(34, 60, 13, 'Acting'),
(35, 22, 17, 'Acting'),
(36, 167, 6, 'Acting'),
(37, 156, 8, 'Directing'),
(38, 143, 8, 'Acting'),
(39, 147, 8, 'Directing'),
(40, 141, 18, 'Acting'),
(41, 58, 2, 'Writing'),
(42, 26, 6, 'Directing'),
(43, 186, 20, 'Acting'),
(44, 204, 10, 'Writing'),
(45, 198, 10, 'Acting'),
(46, 195, 1, 'Directing'),
(47, 31, 12, 'Acting'),
(48, 206, 15, 'Writing'),
(49, 23, 16, 'Acting'),
(50, 54, 3, 'Acting'),
(51, 35, 10, 'Writing'),
(52, 35, 8, 'Acting'),
(53, 57, 12, 'Acting'),
(54, 201, 10, 'Directing'),
(55, 153, 20, 'Writing'),
(56, 30, 19, 'Directing'),
(57, 187, 4, 'Directing'),
(58, 39, 19, 'Acting'),
(59, 178, 15, 'Acting'),
(60, 13, 20, 'Acting'),
(61, 97, 9, 'Directing'),
(62, 145, 18, 'Acting'),
(63, 78, 15, 'Writing'),
(64, 203, 2, 'Directing'),
(65, 20, 1, 'Directing'),
(66, 174, 15, 'Acting'),
(67, 160, 7, 'Writing'),
(68, 69, 1, 'Directing'),
(69, 155, 14, 'Directing'),
(70, 98, 8, 'Directing'),
(71, 198, 19, 'Directing'),
(72, 189, 1, 'Directing'),
(73, 131, 14, 'Acting'),
(74, 130, 9, 'Directing'),
(75, 18, 17, 'Acting'),
(76, 148, 3, 'Directing'),
(77, 49, 18, 'Writing'),
(78, 88, 6, 'Directing'),
(79, 181, 8, 'Acting'),
(80, 57, 15, 'Writing'),
(81, 10, 2, 'Acting'),
(82, 74, 7, 'Directing'),
(83, 55, 20, 'Acting'),
(84, 220, 20, 'Directing'),
(85, 41, 13, 'Directing'),
(86, 83, 17, 'Acting'),
(87, 213, 11, 'Acting'),
(88, 161, 20, 'Acting'),
(89, 83, 13, 'Acting'),
(90, 26, 11, 'Directing'),
(91, 164, 1, 'Acting'),
(92, 216, 15, 'Directing'),
(93, 13, 13, 'Writing'),
(94, 77, 9, 'Acting'),
(95, 144, 20, 'Acting'),
(96, 173, 15, 'Acting'),
(97, 30, 14, 'Acting'),
(98, 62, 6, 'Acting'),
(99, 40, 20, 'Directing'),
(100, 141, 20, 'Acting'),
(101, 99, 2, 'Directing'),
(102, 10, 12, 'Acting'),
(103, 201, 12, 'Acting'),
(104, 21, 1, 'Directing'),
(105, 19, 9, 'Acting'),
(106, 80, 6, 'Writing'),
(107, 130, 13, 'Writing'),
(108, 64, 6, 'Writing'),
(109, 190, 3, 'Directing'),
(110, 194, 10, 'Writing'),
(111, 32, 9, 'Directing'),
(112, 221, 20, 'Acting'),
(113, 40, 8, 'Directing'),
(114, 94, 12, 'Directing'),
(115, 208, 20, 'Writing'),
(116, 72, 18, 'Writing'),
(117, 145, 14, 'Acting'),
(118, 215, 10, 'Acting'),
(119, 58, 15, 'Writing'),
(120, 155, 12, 'Directing'),
(121, 185, 8, 'Directing'),
(122, 216, 20, 'Acting'),
(123, 86, 10, 'Writing'),
(124, 206, 11, 'Directing'),
(125, 54, 2, 'Writing'),
(126, 17, 16, 'Directing'),
(127, 67, 11, 'Directing'),
(128, 61, 8, 'Acting'),
(129, 162, 4, 'Directing'),
(130, 94, 1, 'Directing'),
(131, 160, 5, 'Directing'),
(132, 157, 14, 'Directing'),
(133, 153, 10, 'Acting'),
(134, 212, 20, 'Writing'),
(135, 226, 14, 'Writing'),
(136, 38, 7, 'Acting'),
(137, 183, 1, 'Acting'),
(138, 95, 4, 'Acting'),
(139, 217, 16, 'Directing'),
(140, 221, 4, 'Acting'),
(141, 205, 15, 'Acting'),
(142, 95, 3, 'Acting'),
(143, 210, 2, 'Acting'),
(144, 199, 16, 'Directing'),
(145, 63, 17, 'Acting'),
(146, 16, 15, 'Writing'),
(147, 49, 4, 'Acting'),
(148, 4, 13, 'Acting'),
(149, 73, 10, 'Writing'),
(150, 26, 12, 'Directing'),
(151, 208, 15, 'Writing'),
(152, 182, 3, 'Acting'),
(153, 154, 2, 'Directing'),
(154, 34, 13, 'Acting'),
(155, 181, 10, 'Directing'),
(156, 225, 17, 'Acting'),
(157, 202, 12, 'Directing'),
(158, 84, 7, 'Directing'),
(159, 74, 12, 'Directing'),
(160, 61, 3, 'Writing'),
(161, 186, 4, 'Writing'),
(162, 20, 4, 'Directing'),
(163, 70, 3, 'Acting'),
(164, 16, 20, 'Directing'),
(165, 18, 3, 'Acting'),
(166, 185, 5, 'Directing'),
(167, 164, 11, 'Acting'),
(168, 83, 1, 'Acting'),
(169, 20, 14, 'Acting'),
(170, 57, 16, 'Writing'),
(171, 21, 20, 'Acting'),
(172, 10, 8, 'Directing'),
(173, 198, 16, 'Directing'),
(174, 207, 15, 'Acting'),
(175, 150, 11, 'Acting'),
(176, 148, 5, 'Directing'),
(177, 11, 5, 'Acting'),
(178, 131, 17, 'Acting'),
(179, 5, 5, 'Directing'),
(180, 48, 13, 'Directing'),
(181, 215, 18, 'Directing'),
(182, 66, 3, 'Acting'),
(183, 70, 5, 'Writing'),
(184, 61, 16, 'Acting'),
(185, 86, 12, 'Directing'),
(186, 46, 5, 'Acting'),
(187, 6, 14, 'Directing'),
(188, 160, 18, 'Acting'),
(189, 140, 2, 'Writing'),
(190, 158, 9, 'Acting'),
(191, 43, 20, 'Acting'),
(192, 85, 3, 'Acting'),
(193, 19, 1, 'Directing'),
(194, 170, 2, 'Acting'),
(195, 90, 9, 'Acting'),
(196, 61, 7, 'Acting'),
(197, 25, 14, 'Acting'),
(198, 28, 8, 'Acting'),
(199, 141, 16, 'Acting'),
(200, 45, 5, 'Writing'),
(201, 65, 8, 'Directing'),
(202, 15, 12, 'Acting'),
(203, 199, 5, 'Acting'),
(204, 53, 20, 'Writing'),
(205, 2, 18, 'Acting'),
(206, 5, 8, 'Writing'),
(207, 203, 4, 'Acting'),
(208, 44, 6, 'Acting'),
(209, 59, 2, 'Directing'),
(210, 48, 7, 'Acting'),
(211, 227, 14, 'Acting'),
(212, 166, 14, 'Directing'),
(213, 76, 1, 'Acting'),
(214, 209, 15, 'Acting'),
(215, 156, 19, 'Acting'),
(216, 163, 11, 'Directing'),
(217, 131, 15, 'Writing'),
(218, 150, 18, 'Directing'),
(219, 150, 7, 'Directing'),
(220, 184, 3, 'Directing'),
(221, 192, 8, 'Acting'),
(222, 14, 5, 'Directing'),
(223, 62, 19, 'Directing'),
(224, 91, 15, 'Acting'),
(225, 95, 8, 'Acting'),
(226, 91, 10, 'Directing'),
(227, 158, 18, 'Acting'),
(228, 157, 2, 'Acting'),
(229, 71, 14, 'Directing'),
(230, 206, 7, 'Acting'),
(231, 227, 15, 'Acting'),
(232, 46, 2, 'Directing'),
(233, 50, 9, 'Acting'),
(234, 132, 20, 'Directing'),
(235, 224, 16, 'Acting'),
(236, 147, 13, 'Directing'),
(237, 40, 1, 'Writing'),
(238, 197, 1, 'Writing'),
(239, 2, 19, 'Acting'),
(240, 185, 7, 'Directing'),
(241, 52, 10, 'Acting'),
(242, 220, 10, 'Acting'),
(243, 198, 3, 'Acting'),
(244, 5, 4, 'Acting'),
(245, 44, 14, 'Acting'),
(246, 226, 9, 'Acting'),
(247, 201, 3, 'Directing'),
(248, 147, 5, 'Directing'),
(249, 55, 17, 'Directing'),
(250, 4, 7, 'Writing'),
(251, 30, 7, 'Acting'),
(252, 96, 18, 'Acting'),
(253, 43, 17, 'Acting'),
(254, 70, 20, 'Writing'),
(255, 166, 9, 'Acting'),
(256, 227, 20, 'Acting'),
(257, 192, 18, 'Acting'),
(258, 86, 20, 'Directing'),
(259, 227, 7, 'Acting'),
(260, 222, 6, 'Acting'),
(261, 144, 13, 'Directing'),
(262, 69, 12, 'Acting'),
(263, 222, 8, 'Acting'),
(264, 80, 11, 'Directing'),
(265, 178, 19, 'Acting'),
(266, 147, 3, 'Directing'),
(267, 151, 17, 'Directing'),
(268, 178, 2, 'Acting'),
(269, 189, 19, 'Acting'),
(270, 28, 18, 'Directing'),
(271, 42, 5, 'Directing'),
(272, 69, 2, 'Acting'),
(273, 24, 13, 'Writing'),
(274, 54, 4, 'Acting'),
(275, 1, 18, 'Directing'),
(276, 205, 13, 'Directing'),
(277, 56, 9, 'Acting'),
(278, 211, 15, 'Acting'),
(279, 65, 2, 'Acting'),
(280, 76, 8, 'Acting'),
(281, 43, 13, 'Directing'),
(282, 81, 6, 'Acting'),
(283, 18, 4, 'Directing'),
(284, 150, 2, 'Directing'),
(285, 97, 11, 'Acting'),
(286, 136, 11, 'Directing'),
(287, 2, 11, 'Directing'),
(288, 172, 12, 'Acting'),
(289, 203, 16, 'Directing'),
(290, 81, 2, 'Acting'),
(291, 2, 4, 'Directing'),
(292, 86, 1, 'Acting'),
(293, 197, 10, 'Directing'),
(294, 22, 18, 'Acting'),
(295, 226, 11, 'Acting'),
(296, 69, 8, 'Writing'),
(297, 34, 10, 'Acting'),
(298, 14, 4, 'Writing'),
(299, 54, 7, 'Writing'),
(300, 184, 10, 'Directing'),
(301, 9, 20, 'Directing'),
(302, 54, 16, 'Acting'),
(303, 98, 16, 'Acting'),
(304, 2, 15, 'Acting'),
(305, 165, 11, 'Directing'),
(306, 65, 1, 'Acting'),
(307, 46, 11, 'Acting'),
(308, 224, 8, 'Acting'),
(309, 150, 17, 'Directing'),
(310, 200, 1, 'Writing'),
(311, 84, 12, 'Directing'),
(312, 69, 7, 'Acting'),
(313, 49, 20, 'Acting'),
(314, 11, 7, 'Acting'),
(315, 194, 4, 'Acting'),
(316, 38, 15, 'Directing'),
(317, 144, 9, 'Writing'),
(318, 188, 3, 'Directing'),
(319, 201, 2, 'Acting'),
(320, 100, 7, 'Directing'),
(321, 93, 1, 'Acting'),
(322, 208, 2, 'Acting'),
(323, 41, 4, 'Directing'),
(324, 66, 18, 'Acting'),
(325, 190, 18, 'Acting'),
(326, 72, 20, 'Directing'),
(327, 155, 8, 'Acting'),
(328, 164, 20, 'Acting'),
(329, 55, 14, 'Acting'),
(330, 156, 11, 'Directing'),
(331, 20, 7, 'Acting'),
(332, 150, 16, 'Directing'),
(333, 73, 5, 'Writing'),
(334, 209, 17, 'Acting'),
(335, 150, 8, 'Acting'),
(336, 23, 8, 'Acting'),
(337, 61, 10, 'Directing'),
(338, 171, 7, 'Directing'),
(339, 44, 15, 'Directing'),
(340, 202, 8, 'Directing'),
(341, 70, 2, 'Writing'),
(342, 63, 12, 'Writing'),
(343, 156, 18, 'Acting'),
(344, 51, 3, 'Acting'),
(345, 226, 3, 'Acting'),
(346, 68, 7, 'Directing'),
(347, 63, 16, 'Acting'),
(348, 164, 12, 'Acting'),
(349, 210, 17, 'Acting'),
(350, 198, 18, 'Acting'),
(351, 25, 1, 'Acting'),
(352, 64, 8, 'Acting'),
(353, 85, 4, 'Acting'),
(354, 53, 14, 'Directing'),
(355, 16, 16, 'Directing'),
(356, 67, 17, 'Acting'),
(357, 34, 12, 'Acting'),
(358, 139, 9, 'Acting'),
(359, 63, 9, 'Acting'),
(360, 29, 6, 'Acting'),
(361, 134, 9, 'Acting'),
(362, 172, 1, 'Directing'),
(363, 205, 12, 'Acting'),
(364, 146, 12, 'Directing'),
(365, 174, 11, 'Directing'),
(366, 40, 12, 'Directing'),
(367, 66, 16, 'Acting'),
(368, 180, 6, 'Acting'),
(369, 140, 20, 'Acting'),
(370, 150, 20, 'Acting'),
(371, 55, 16, 'Acting'),
(372, 47, 9, 'Acting'),
(373, 65, 5, 'Acting'),
(374, 48, 17, 'Acting'),
(375, 59, 15, 'Acting'),
(376, 141, 13, 'Acting'),
(377, 210, 7, 'Writing'),
(378, 78, 8, 'Acting'),
(379, 98, 10, 'Acting'),
(380, 68, 4, 'Acting'),
(381, 51, 10, 'Acting'),
(382, 174, 2, 'Acting'),
(383, 96, 13, 'Acting'),
(384, 11, 20, 'Acting'),
(385, 220, 13, 'Acting'),
(386, 25, 6, 'Acting'),
(387, 30, 17, 'Directing'),
(388, 142, 1, 'Acting'),
(389, 81, 15, 'Acting'),
(390, 221, 18, 'Acting'),
(391, 25, 7, 'Writing'),
(392, 207, 9, 'Directing'),
(393, 185, 15, 'Acting'),
(394, 44, 1, 'Acting'),
(395, 138, 3, 'Acting'),
(396, 61, 12, 'Acting'),
(397, 2, 10, 'Directing'),
(398, 196, 2, 'Directing'),
(399, 155, 7, 'Acting'),
(400, 136, 19, 'Acting'),
(401, 53, 2, 'Directing'),
(402, 220, 17, 'Acting'),
(403, 204, 1, 'Acting'),
(404, 187, 15, 'Acting'),
(405, 225, 2, 'Acting'),
(406, 38, 10, 'Acting'),
(407, 95, 7, 'Directing'),
(408, 29, 7, 'Directing'),
(409, 129, 3, 'Acting'),
(410, 60, 1, 'Directing'),
(411, 4, 3, 'Acting'),
(412, 133, 5, 'Directing'),
(413, 226, 17, 'Acting'),
(414, 72, 7, 'Acting'),
(415, 224, 20, 'Acting'),
(416, 206, 10, 'Acting'),
(417, 79, 14, 'Acting'),
(418, 201, 11, 'Directing'),
(419, 66, 7, 'Acting'),
(420, 206, 9, 'Acting'),
(421, 78, 7, 'Acting'),
(422, 91, 18, 'Acting'),
(423, 82, 20, 'Acting'),
(424, 185, 10, 'Directing'),
(425, 16, 9, 'Directing'),
(426, 212, 3, 'Acting'),
(427, 154, 9, 'Acting'),
(428, 153, 7, 'Acting'),
(429, 20, 20, 'Acting'),
(430, 128, 12, 'Acting'),
(431, 172, 3, 'Acting'),
(432, 181, 12, 'Acting'),
(433, 129, 9, 'Acting'),
(434, 99, 16, 'Acting'),
(435, 143, 10, 'Acting'),
(436, 182, 2, 'Writing'),
(437, 216, 11, 'Acting'),
(438, 93, 5, 'Directing'),
(439, 183, 6, 'Acting'),
(440, 85, 6, 'Acting'),
(441, 148, 17, 'Directing'),
(442, 180, 10, 'Acting'),
(443, 12, 14, 'Directing'),
(444, 93, 13, 'Directing'),
(445, 74, 2, 'Writing'),
(446, 57, 17, 'Acting'),
(447, 199, 4, 'Acting'),
(448, 152, 18, 'Acting'),
(449, 175, 2, 'Writing'),
(450, 182, 4, 'Acting'),
(451, 145, 10, 'Acting'),
(452, 34, 9, 'Directing'),
(453, 23, 3, 'Acting'),
(454, 84, 4, 'Writing'),
(455, 88, 4, 'Writing'),
(456, 191, 11, 'Writing'),
(457, 214, 5, 'Directing'),
(458, 183, 12, 'Acting'),
(459, 9, 12, 'Directing'),
(460, 225, 11, 'Directing'),
(461, 161, 2, 'Directing'),
(462, 92, 9, 'Acting'),
(463, 139, 14, 'Directing'),
(464, 170, 8, 'Writing'),
(465, 77, 14, 'Acting'),
(466, 35, 18, 'Directing'),
(467, 167, 13, 'Acting'),
(468, 182, 6, 'Directing'),
(469, 140, 13, 'Writing'),
(470, 185, 20, 'Writing'),
(471, 90, 20, 'Acting'),
(472, 41, 5, 'Directing'),
(473, 158, 8, 'Acting'),
(474, 33, 7, 'Acting'),
(475, 4, 14, 'Writing'),
(476, 156, 10, 'Acting'),
(477, 168, 7, 'Directing'),
(478, 170, 9, 'Directing'),
(479, 41, 9, 'Acting'),
(480, 161, 4, 'Acting'),
(481, 160, 13, 'Acting'),
(482, 3, 4, 'Acting'),
(483, 73, 13, 'Acting'),
(484, 145, 12, 'Acting'),
(485, 61, 9, 'Acting'),
(486, 132, 2, 'Acting'),
(487, 32, 8, 'Acting'),
(488, 79, 6, 'Acting'),
(489, 190, 13, 'Directing'),
(490, 23, 4, 'Directing'),
(491, 128, 9, 'Directing'),
(492, 142, 19, 'Directing'),
(493, 45, 1, 'Acting'),
(494, 45, 6, 'Acting'),
(495, 93, 16, 'Writing'),
(496, 176, 10, 'Acting'),
(497, 154, 16, 'Writing'),
(498, 34, 8, 'Acting'),
(499, 18, 19, 'Writing'),
(500, 220, 7, 'Acting'),
(501, 79, 12, 'Writing'),
(502, 145, 19, 'Acting'),
(503, 66, 20, 'Acting'),
(504, 31, 9, 'Acting'),
(505, 51, 9, 'Directing'),
(506, 137, 13, 'Directing'),
(507, 217, 19, 'Directing'),
(508, 20, 12, 'Directing'),
(509, 82, 19, 'Directing'),
(510, 9, 16, 'Acting'),
(511, 18, 11, 'Acting'),
(512, 9, 5, 'Directing'),
(513, 139, 19, 'Writing'),
(514, 210, 15, 'Acting'),
(515, 71, 9, 'Acting'),
(516, 197, 9, 'Acting'),
(517, 35, 1, 'Acting'),
(518, 157, 12, 'Directing'),
(519, 37, 18, 'Acting'),
(520, 223, 15, 'Acting'),
(521, 220, 18, 'Directing'),
(522, 18, 13, 'Acting'),
(523, 29, 11, 'Acting'),
(524, 28, 14, 'Acting'),
(525, 42, 6, 'Directing'),
(526, 77, 8, 'Acting'),
(527, 43, 18, 'Writing'),
(528, 180, 15, 'Directing'),
(529, 133, 13, 'Writing'),
(530, 135, 4, 'Writing'),
(531, 165, 2, 'Acting'),
(532, 45, 7, 'Directing'),
(533, 223, 17, 'Acting'),
(534, 68, 20, 'Acting'),
(535, 45, 14, 'Directing'),
(536, 57, 7, 'Acting'),
(537, 93, 17, 'Acting'),
(538, 46, 1, 'Directing'),
(539, 87, 10, 'Acting'),
(540, 85, 8, 'Directing'),
(541, 154, 17, 'Writing'),
(542, 81, 20, 'Acting'),
(543, 207, 19, 'Directing'),
(544, 191, 9, 'Acting'),
(545, 186, 2, 'Acting'),
(546, 19, 10, 'Directing'),
(547, 77, 3, 'Directing'),
(548, 180, 16, 'Directing'),
(549, 31, 11, 'Directing'),
(550, 47, 7, 'Acting'),
(551, 154, 6, 'Acting'),
(552, 203, 17, 'Directing'),
(553, 84, 17, 'Acting'),
(554, 174, 14, 'Directing'),
(555, 50, 8, 'Directing'),
(556, 151, 19, 'Writing'),
(557, 133, 9, 'Writing'),
(558, 90, 10, 'Acting'),
(559, 1, 17, 'Writing'),
(560, 199, 17, 'Directing'),
(561, 180, 14, 'Acting'),
(562, 46, 13, 'Acting'),
(563, 92, 7, 'Writing'),
(564, 16, 14, 'Writing'),
(565, 166, 8, 'Directing'),
(566, 169, 3, 'Acting'),
(567, 45, 16, 'Directing'),
(568, 28, 10, 'Writing'),
(569, 42, 16, 'Directing'),
(570, 49, 2, 'Acting'),
(571, 43, 19, 'Writing'),
(572, 142, 6, 'Acting'),
(573, 223, 7, 'Acting'),
(574, 202, 4, 'Acting'),
(575, 3, 18, 'Directing'),
(576, 89, 2, 'Writing'),
(577, 149, 12, 'Acting'),
(578, 192, 9, 'Directing'),
(579, 85, 13, 'Directing'),
(580, 100, 1, 'Directing'),
(581, 87, 2, 'Acting'),
(582, 168, 2, 'Acting'),
(583, 90, 16, 'Directing'),
(584, 165, 9, 'Directing'),
(585, 7, 19, 'Acting'),
(586, 147, 15, 'Directing'),
(587, 45, 20, 'Acting'),
(588, 199, 8, 'Acting'),
(589, 62, 4, 'Writing'),
(590, 89, 16, 'Acting'),
(591, 129, 19, 'Directing'),
(592, 27, 8, 'Writing'),
(593, 175, 11, 'Directing'),
(594, 63, 15, 'Directing'),
(595, 97, 4, 'Acting'),
(596, 220, 5, 'Acting'),
(597, 4, 4, 'Acting'),
(598, 21, 5, 'Directing'),
(599, 166, 2, 'Directing'),
(600, 135, 15, 'Directing'),
(601, 157, 3, 'Acting'),
(602, 160, 19, 'Directing'),
(603, 193, 11, 'Acting'),
(604, 48, 11, 'Directing'),
(605, 16, 12, 'Acting'),
(606, 78, 4, 'Acting'),
(607, 161, 16, 'Directing'),
(608, 77, 20, 'Directing'),
(609, 128, 13, 'Writing'),
(610, 32, 14, 'Writing'),
(611, 185, 3, 'Directing'),
(612, 55, 19, 'Acting'),
(613, 18, 5, 'Directing'),
(614, 159, 12, 'Acting'),
(615, 62, 20, 'Acting'),
(616, 149, 10, 'Acting'),
(617, 183, 2, 'Acting'),
(618, 93, 8, 'Acting'),
(619, 32, 20, 'Directing'),
(620, 219, 1, 'Acting'),
(621, 185, 17, 'Directing'),
(622, 67, 3, 'Writing'),
(623, 4, 8, 'Acting'),
(624, 10, 14, 'Directing'),
(625, 174, 13, 'Acting'),
(626, 55, 18, 'Writing'),
(627, 89, 14, 'Acting'),
(628, 225, 8, 'Writing'),
(629, 151, 14, 'Acting'),
(630, 142, 11, 'Directing'),
(631, 39, 2, 'Acting'),
(632, 96, 7, 'Acting'),
(633, 6, 3, 'Acting'),
(634, 152, 10, 'Acting'),
(635, 52, 20, 'Directing'),
(636, 220, 12, 'Acting'),
(637, 89, 4, 'Writing'),
(638, 200, 3, 'Acting'),
(639, 44, 13, 'Directing'),
(640, 66, 10, 'Directing'),
(641, 162, 19, 'Acting'),
(642, 96, 6, 'Directing'),
(643, 180, 8, 'Writing'),
(644, 31, 1, 'Acting'),
(645, 100, 2, 'Acting'),
(646, 39, 12, 'Acting'),
(647, 79, 7, 'Directing'),
(648, 191, 3, 'Acting'),
(649, 13, 2, 'Acting'),
(650, 33, 11, 'Directing'),
(651, 30, 16, 'Directing'),
(652, 92, 20, 'Directing'),
(653, 76, 4, 'Acting'),
(654, 197, 15, 'Acting'),
(655, 208, 7, 'Writing'),
(656, 147, 17, 'Acting'),
(657, 84, 20, 'Acting'),
(658, 154, 10, 'Directing'),
(659, 71, 3, 'Directing'),
(660, 162, 18, 'Directing'),
(661, 132, 12, 'Acting'),
(662, 188, 18, 'Acting'),
(663, 56, 8, 'Acting'),
(664, 149, 19, 'Directing'),
(665, 202, 6, 'Writing'),
(666, 66, 17, 'Directing'),
(667, 10, 19, 'Acting'),
(668, 171, 11, 'Acting'),
(669, 53, 19, 'Directing'),
(670, 16, 18, 'Directing'),
(671, 174, 9, 'Acting'),
(672, 175, 13, 'Directing'),
(673, 17, 10, 'Acting'),
(674, 50, 5, 'Acting'),
(675, 212, 8, 'Acting'),
(676, 187, 11, 'Acting'),
(677, 136, 8, 'Directing'),
(678, 222, 13, 'Directing'),
(679, 201, 9, 'Acting'),
(680, 167, 19, 'Acting'),
(681, 63, 11, 'Directing'),
(682, 153, 6, 'Writing'),
(683, 46, 3, 'Acting'),
(684, 24, 3, 'Directing'),
(685, 44, 7, 'Acting'),
(686, 185, 13, 'Writing'),
(687, 215, 4, 'Acting'),
(688, 60, 19, 'Directing'),
(689, 138, 20, 'Acting'),
(690, 169, 11, 'Acting'),
(691, 194, 20, 'Acting'),
(692, 47, 5, 'Directing'),
(693, 153, 18, 'Acting'),
(694, 23, 13, 'Directing'),
(695, 83, 14, 'Acting'),
(696, 214, 2, 'Acting'),
(697, 80, 16, 'Acting'),
(698, 179, 15, 'Directing'),
(699, 224, 19, 'Writing'),
(700, 152, 5, 'Acting'),
(701, 216, 7, 'Acting'),
(702, 176, 3, 'Acting'),
(703, 137, 18, 'Directing'),
(704, 36, 17, 'Directing'),
(705, 34, 18, 'Acting'),
(706, 96, 5, 'Acting'),
(707, 49, 19, 'Directing'),
(708, 134, 1, 'Acting'),
(709, 100, 8, 'Acting'),
(710, 62, 2, 'Writing'),
(711, 47, 12, 'Acting'),
(712, 27, 10, 'Directing'),
(713, 60, 12, 'Directing'),
(714, 95, 2, 'Acting'),
(715, 96, 14, 'Acting'),
(716, 38, 3, 'Acting'),
(717, 160, 15, 'Writing'),
(718, 155, 13, 'Writing'),
(719, 7, 4, 'Acting'),
(720, 25, 16, 'Acting'),
(721, 6, 2, 'Acting'),
(722, 23, 6, 'Writing'),
(723, 44, 11, 'Directing'),
(724, 137, 2, 'Acting'),
(725, 76, 11, 'Acting'),
(726, 170, 13, 'Directing'),
(727, 92, 8, 'Directing'),
(728, 19, 16, 'Writing'),
(729, 202, 16, 'Acting'),
(730, 10, 3, 'Acting'),
(731, 147, 9, 'Directing'),
(732, 170, 5, 'Directing'),
(733, 222, 19, 'Acting'),
(734, 169, 14, 'Acting'),
(735, 220, 15, 'Directing'),
(736, 92, 15, 'Directing'),
(737, 17, 18, 'Acting'),
(738, 187, 19, 'Acting'),
(739, 22, 11, 'Directing'),
(740, 156, 4, 'Directing'),
(741, 136, 20, 'Acting'),
(742, 197, 6, 'Writing'),
(743, 42, 11, 'Acting'),
(744, 27, 19, 'Writing'),
(745, 23, 11, 'Writing'),
(746, 225, 6, 'Directing'),
(747, 97, 19, 'Directing'),
(748, 65, 20, 'Directing'),
(749, 82, 14, 'Writing'),
(750, 213, 17, 'Directing'),
(751, 202, 2, 'Acting'),
(752, 134, 13, 'Directing'),
(753, 221, 11, 'Writing'),
(754, 90, 12, 'Acting'),
(755, 189, 9, 'Directing'),
(756, 169, 15, 'Directing'),
(757, 214, 18, 'Writing'),
(758, 215, 15, 'Directing'),
(759, 143, 13, 'Acting'),
(760, 209, 18, 'Writing'),
(761, 53, 11, 'Directing'),
(762, 197, 18, 'Directing'),
(763, 195, 12, 'Acting'),
(764, 13, 10, 'Writing'),
(765, 141, 9, 'Directing'),
(766, 213, 13, 'Directing'),
(767, 49, 17, 'Directing'),
(768, 147, 12, 'Writing'),
(769, 216, 3, 'Directing'),
(770, 6, 12, 'Directing'),
(771, 211, 5, 'Directing'),
(772, 83, 15, 'Directing'),
(773, 162, 17, 'Directing'),
(774, 71, 18, 'Directing'),
(775, 100, 6, 'Directing'),
(776, 28, 19, 'Directing'),
(777, 30, 11, 'Directing'),
(778, 196, 14, 'Directing'),
(779, 43, 6, 'Directing'),
(780, 16, 10, 'Directing'),
(781, 18, 8, 'Acting'),
(782, 167, 3, 'Directing'),
(783, 213, 19, 'Directing'),
(784, 39, 11, 'Acting'),
(785, 100, 14, 'Acting'),
(786, 47, 14, 'Writing'),
(787, 20, 11, 'Acting'),
(788, 131, 20, 'Acting'),
(789, 165, 3, 'Acting'),
(790, 158, 1, 'Directing'),
(791, 150, 6, 'Directing'),
(792, 130, 6, 'Acting'),
(793, 14, 10, 'Directing'),
(794, 70, 10, 'Acting'),
(795, 227, 4, 'Directing'),
(796, 147, 16, 'Acting'),
(797, 141, 15, 'Directing'),
(798, 223, 2, 'Acting'),
(799, 154, 8, 'Writing'),
(800, 26, 19, 'Directing'),
(801, 155, 10, 'Writing'),
(802, 143, 9, 'Writing'),
(803, 182, 17, 'Acting'),
(804, 158, 5, 'Acting'),
(805, 206, 5, 'Directing'),
(806, 40, 15, 'Directing'),
(807, 133, 1, 'Directing'),
(808, 148, 10, 'Directing'),
(809, 153, 16, 'Acting'),
(810, 195, 18, 'Acting'),
(811, 89, 18, 'Directing'),
(812, 153, 19, 'Directing'),
(813, 166, 19, 'Directing'),
(814, 177, 20, 'Acting'),
(815, 64, 4, 'Acting'),
(816, 22, 1, 'Directing'),
(817, 159, 19, 'Directing'),
(818, 43, 12, 'Acting'),
(819, 89, 1, 'Acting'),
(820, 87, 14, 'Directing'),
(821, 132, 18, 'Directing'),
(822, 60, 11, 'Writing'),
(823, 36, 5, 'Acting'),
(824, 164, 16, 'Acting'),
(825, 13, 11, 'Acting'),
(826, 11, 15, 'Acting'),
(827, 57, 3, 'Writing'),
(828, 42, 14, 'Acting'),
(829, 218, 2, 'Directing'),
(830, 196, 20, 'Writing'),
(831, 62, 3, 'Directing'),
(832, 141, 17, 'Directing'),
(833, 167, 8, 'Directing'),
(834, 76, 20, 'Acting'),
(835, 28, 9, 'Directing'),
(836, 4, 16, 'Acting'),
(837, 149, 7, 'Directing'),
(838, 227, 1, 'Writing'),
(839, 60, 7, 'Directing'),
(840, 162, 13, 'Acting'),
(841, 170, 3, 'Directing'),
(842, 61, 17, 'Directing'),
(843, 90, 18, 'Directing'),
(844, 60, 20, 'Directing'),
(845, 187, 7, 'Acting'),
(846, 57, 18, 'Directing'),
(847, 209, 10, 'Writing'),
(848, 52, 8, 'Directing'),
(849, 78, 20, 'Directing'),
(850, 178, 14, 'Directing'),
(851, 209, 20, 'Directing'),
(852, 211, 11, 'Directing'),
(853, 98, 17, 'Acting'),
(854, 219, 6, 'Directing'),
(855, 225, 10, 'Directing'),
(856, 40, 7, 'Acting'),
(857, 160, 14, 'Directing'),
(858, 41, 11, 'Directing'),
(859, 202, 7, 'Directing'),
(860, 71, 5, 'Acting'),
(861, 215, 11, 'Writing'),
(862, 169, 4, 'Writing'),
(863, 134, 2, 'Directing'),
(864, 44, 20, 'Directing'),
(865, 217, 8, 'Acting'),
(866, 38, 14, 'Directing'),
(867, 227, 19, 'Directing'),
(868, 151, 1, 'Acting'),
(869, 93, 14, 'Acting'),
(870, 188, 2, 'Directing'),
(871, 73, 11, 'Acting'),
(872, 68, 8, 'Writing'),
(873, 223, 16, 'Directing'),
(874, 186, 10, 'Acting'),
(875, 54, 5, 'Directing'),
(876, 55, 11, 'Directing'),
(877, 57, 6, 'Directing'),
(878, 74, 10, 'Acting'),
(879, 79, 10, 'Acting'),
(880, 3, 2, 'Writing'),
(881, 9, 15, 'Directing'),
(882, 51, 18, 'Directing'),
(883, 140, 6, 'Acting'),
(884, 53, 15, 'Acting'),
(885, 204, 18, 'Directing'),
(886, 166, 5, 'Acting'),
(887, 139, 11, 'Acting'),
(888, 82, 8, 'Directing'),
(889, 206, 13, 'Acting'),
(890, 6, 18, 'Directing'),
(891, 70, 16, 'Writing'),
(892, 92, 14, 'Acting'),
(893, 79, 19, 'Writing'),
(894, 70, 14, 'Directing'),
(895, 203, 5, 'Acting'),
(896, 73, 15, 'Acting'),
(897, 175, 19, 'Directing'),
(898, 141, 1, 'Acting'),
(899, 13, 3, 'Acting'),
(900, 82, 11, 'Acting'),
(901, 29, 18, 'Acting'),
(902, 48, 16, 'Acting'),
(903, 5, 17, 'Acting'),
(904, 93, 3, 'Directing'),
(905, 167, 10, 'Acting'),
(906, 30, 5, 'Directing'),
(907, 215, 2, 'Directing'),
(908, 203, 18, 'Acting'),
(909, 210, 12, 'Directing'),
(910, 190, 11, 'Acting'),
(911, 58, 16, 'Directing'),
(912, 141, 12, 'Acting'),
(913, 12, 4, 'Acting'),
(914, 55, 7, 'Acting'),
(915, 87, 17, 'Acting'),
(916, 169, 1, 'Writing'),
(917, 2, 8, 'Directing'),
(918, 90, 11, 'Acting'),
(919, 72, 19, 'Directing'),
(920, 43, 16, 'Acting'),
(921, 172, 2, 'Acting'),
(922, 7, 3, 'Directing'),
(923, 151, 7, 'Directing'),
(924, 59, 8, 'Writing'),
(925, 225, 14, 'Directing'),
(926, 163, 13, 'Directing'),
(927, 71, 20, 'Acting'),
(928, 45, 3, 'Writing'),
(929, 56, 5, 'Directing'),
(930, 175, 18, 'Acting'),
(931, 130, 17, 'Directing'),
(932, 179, 10, 'Acting'),
(933, 40, 10, 'Directing'),
(934, 77, 10, 'Acting'),
(935, 66, 4, 'Directing'),
(936, 136, 5, 'Directing'),
(937, 223, 9, 'Directing'),
(938, 15, 4, 'Acting'),
(939, 87, 20, 'Acting'),
(940, 187, 3, 'Directing'),
(941, 58, 18, 'Acting'),
(942, 215, 1, 'Acting'),
(943, 145, 7, 'Writing'),
(944, 128, 4, 'Acting'),
(945, 41, 15, 'Acting'),
(946, 133, 7, 'Acting'),
(947, 193, 10, 'Acting'),
(948, 152, 2, 'Writing'),
(949, 182, 19, 'Directing'),
(950, 176, 5, 'Acting'),
(951, 171, 4, 'Directing'),
(952, 6, 10, 'Acting'),
(953, 88, 13, 'Acting'),
(954, 46, 16, 'Directing'),
(955, 87, 18, 'Directing'),
(956, 181, 19, 'Directing'),
(957, 67, 15, 'Acting'),
(958, 47, 4, 'Writing'),
(959, 83, 12, 'Directing'),
(960, 36, 19, 'Directing'),
(961, 184, 7, 'Writing'),
(962, 82, 7, 'Directing'),
(963, 28, 20, 'Directing'),
(964, 216, 18, 'Directing'),
(965, 177, 19, 'Directing'),
(966, 72, 6, 'Acting'),
(967, 166, 6, 'Acting'),
(968, 49, 14, 'Acting'),
(969, 164, 4, 'Writing'),
(970, 151, 3, 'Acting'),
(971, 162, 14, 'Acting'),
(972, 56, 18, 'Directing'),
(973, 128, 14, 'Acting'),
(974, 72, 13, 'Acting'),
(975, 24, 11, 'Acting'),
(976, 52, 2, 'Acting'),
(977, 24, 1, 'Acting'),
(978, 74, 19, 'Writing'),
(979, 190, 16, 'Acting'),
(980, 38, 8, 'Acting'),
(981, 175, 4, 'Directing'),
(982, 203, 12, 'Acting'),
(983, 15, 7, 'Writing'),
(984, 130, 8, 'Acting'),
(985, 163, 14, 'Directing'),
(986, 37, 8, 'Acting'),
(987, 153, 3, 'Directing'),
(988, 70, 19, 'Acting'),
(989, 194, 18, 'Acting'),
(990, 192, 3, 'Acting'),
(991, 179, 1, 'Directing'),
(992, 66, 13, 'Directing'),
(993, 82, 6, 'Acting'),
(994, 29, 15, 'Acting'),
(995, 183, 9, 'Acting'),
(996, 93, 19, 'Acting'),
(997, 28, 16, 'Directing'),
(998, 164, 17, 'Acting'),
(999, 13, 18, 'Writing'),
(1000, 41, 2, 'Acting'),
(1001, 40, 18, 'Acting'),
(1002, 19, 18, 'Directing'),
(1003, 10, 9, 'Directing'),
(1004, 9, 14, 'Directing'),
(1005, 4, 6, 'Acting'),
(1006, 226, 20, 'Acting'),
(1007, 16, 17, 'Directing'),
(1008, 210, 18, 'Directing'),
(1009, 47, 2, 'Directing'),
(1010, 195, 11, 'Directing'),
(1011, 84, 16, 'Directing'),
(1012, 85, 5, 'Acting'),
(1013, 212, 17, 'Acting'),
(1014, 183, 8, 'Acting'),
(1015, 136, 15, 'Directing'),
(1016, 94, 2, 'Acting'),
(1017, 154, 3, 'Directing'),
(1018, 173, 13, 'Acting'),
(1019, 49, 15, 'Acting'),
(1020, 221, 15, 'Acting'),
(1021, 177, 4, 'Directing'),
(1022, 205, 18, 'Directing'),
(1023, 176, 7, 'Acting'),
(1024, 14, 14, 'Acting'),
(1025, 204, 5, 'Directing'),
(1026, 130, 18, 'Acting'),
(1027, 150, 13, 'Acting'),
(1028, 28, 2, 'Directing'),
(1029, 42, 13, 'Directing'),
(1030, 198, 11, 'Acting'),
(1031, 205, 6, 'Acting'),
(1032, 92, 18, 'Acting'),
(1033, 162, 1, 'Acting'),
(1034, 207, 4, 'Writing'),
(1035, 222, 15, 'Directing'),
(1036, 98, 5, 'Acting'),
(1037, 11, 1, 'Acting'),
(1038, 225, 1, 'Acting'),
(1039, 75, 10, 'Acting'),
(1040, 40, 4, 'Acting'),
(1041, 185, 16, 'Acting'),
(1042, 25, 13, 'Acting'),
(1043, 22, 5, 'Directing'),
(1044, 206, 14, 'Acting'),
(1045, 138, 7, 'Acting'),
(1046, 89, 20, 'Directing'),
(1047, 157, 7, 'Writing'),
(1048, 31, 5, 'Acting'),
(1049, 207, 8, 'Directing'),
(1050, 72, 15, 'Acting'),
(1051, 85, 15, 'Directing'),
(1052, 179, 17, 'Directing'),
(1053, 182, 18, 'Acting'),
(1054, 222, 20, 'Acting'),
(1055, 227, 2, 'Directing'),
(1056, 157, 18, 'Writing'),
(1057, 51, 13, 'Acting'),
(1058, 40, 17, 'Acting'),
(1059, 161, 10, 'Directing'),
(1060, 50, 13, 'Directing'),
(1061, 216, 6, 'Acting'),
(1062, 54, 19, 'Acting'),
(1063, 155, 17, 'Writing'),
(1064, 8, 19, 'Acting'),
(1065, 25, 10, 'Directing'),
(1066, 67, 4, 'Acting'),
(1067, 67, 8, 'Directing'),
(1068, 184, 14, 'Directing'),
(1069, 155, 4, 'Acting'),
(1070, 176, 16, 'Writing'),
(1071, 18, 18, 'Directing'),
(1072, 30, 15, 'Writing'),
(1073, 24, 18, 'Directing'),
(1074, 39, 20, 'Acting'),
(1075, 9, 13, 'Acting'),
(1076, 2, 13, 'Directing'),
(1077, 76, 5, 'Directing'),
(1078, 149, 4, 'Directing'),
(1079, 88, 12, 'Directing'),
(1080, 221, 1, 'Writing'),
(1081, 98, 3, 'Acting'),
(1082, 26, 7, 'Writing'),
(1083, 165, 10, 'Directing'),
(1084, 192, 19, 'Acting'),
(1085, 207, 12, 'Directing'),
(1086, 93, 6, 'Acting'),
(1087, 201, 1, 'Acting'),
(1088, 59, 20, 'Directing'),
(1089, 210, 8, 'Directing'),
(1090, 183, 4, 'Writing'),
(1091, 186, 9, 'Writing'),
(1092, 20, 17, 'Directing'),
(1093, 64, 9, 'Acting'),
(1094, 180, 11, 'Acting'),
(1095, 3, 6, 'Directing'),
(1096, 159, 4, 'Writing'),
(1097, 145, 5, 'Acting'),
(1098, 15, 19, 'Directing'),
(1099, 205, 16, 'Acting'),
(1100, 72, 9, 'Directing'),
(1101, 48, 15, 'Directing'),
(1102, 201, 5, 'Acting'),
(1103, 176, 19, 'Directing'),
(1104, 22, 15, 'Acting'),
(1105, 33, 3, 'Directing'),
(1106, 162, 3, 'Acting'),
(1107, 3, 14, 'Acting'),
(1108, 156, 20, 'Writing'),
(1109, 129, 18, 'Directing'),
(1110, 191, 16, 'Directing'),
(1111, 50, 1, 'Directing'),
(1112, 143, 4, 'Acting'),
(1113, 221, 5, 'Directing'),
(1114, 158, 12, 'Acting'),
(1115, 58, 20, 'Acting'),
(1116, 200, 19, 'Acting'),
(1117, 13, 7, 'Directing'),
(1118, 47, 20, 'Acting'),
(1119, 69, 18, 'Writing'),
(1120, 85, 18, 'Writing'),
(1121, 190, 15, 'Directing'),
(1122, 75, 20, 'Acting'),
(1123, 74, 9, 'Acting'),
(1124, 48, 3, 'Directing'),
(1125, 179, 20, 'Acting'),
(1126, 29, 9, 'Acting'),
(1127, 208, 12, 'Acting'),
(1128, 28, 13, 'Directing'),
(1129, 30, 18, 'Acting'),
(1130, 200, 6, 'Writing'),
(1131, 80, 18, 'Acting'),
(1132, 47, 15, 'Acting'),
(1133, 97, 20, 'Writing'),
(1134, 10, 10, 'Acting'),
(1135, 202, 14, 'Writing'),
(1136, 36, 8, 'Directing'),
(1137, 199, 7, 'Directing'),
(1138, 8, 2, 'Acting'),
(1139, 139, 18, 'Acting'),
(1140, 92, 3, 'Acting'),
(1141, 168, 17, 'Acting'),
(1142, 180, 18, 'Directing'),
(1143, 197, 2, 'Directing'),
(1144, 50, 14, 'Acting'),
(1145, 182, 15, 'Directing'),
(1146, 2, 9, 'Writing'),
(1147, 142, 3, 'Acting'),
(1148, 164, 14, 'Acting'),
(1149, 71, 15, 'Writing'),
(1150, 17, 8, 'Acting'),
(1151, 209, 11, 'Writing'),
(1152, 55, 6, 'Directing'),
(1153, 65, 16, 'Acting'),
(1154, 156, 13, 'Acting'),
(1155, 3, 7, 'Acting'),
(1156, 2, 12, 'Acting'),
(1157, 72, 4, 'Writing'),
(1158, 32, 19, 'Acting'),
(1159, 218, 10, 'Acting'),
(1160, 223, 11, 'Writing'),
(1161, 193, 7, 'Acting'),
(1162, 176, 14, 'Acting'),
(1163, 77, 15, 'Acting'),
(1164, 217, 1, 'Acting'),
(1165, 197, 13, 'Acting'),
(1166, 208, 6, 'Directing'),
(1167, 140, 5, 'Acting'),
(1168, 183, 11, 'Acting'),
(1169, 12, 8, 'Acting'),
(1170, 200, 7, 'Acting'),
(1171, 44, 16, 'Acting'),
(1172, 66, 2, 'Acting'),
(1173, 213, 16, 'Acting'),
(1174, 81, 19, 'Acting'),
(1175, 224, 9, 'Acting'),
(1176, 92, 16, 'Directing'),
(1177, 35, 16, 'Acting'),
(1178, 61, 6, 'Directing'),
(1179, 214, 19, 'Directing'),
(1180, 50, 16, 'Acting'),
(1181, 173, 1, 'Directing'),
(1182, 136, 18, 'Acting'),
(1183, 164, 10, 'Writing'),
(1184, 171, 2, 'Acting'),
(1185, 98, 4, 'Acting'),
(1186, 44, 12, 'Writing'),
(1187, 23, 10, 'Acting'),
(1188, 27, 18, 'Acting'),
(1189, 217, 12, 'Acting'),
(1190, 70, 12, 'Directing'),
(1191, 145, 6, 'Acting'),
(1192, 98, 6, 'Acting'),
(1193, 35, 3, 'Acting'),
(1194, 40, 11, 'Acting'),
(1195, 167, 18, 'Directing'),
(1196, 164, 2, 'Acting'),
(1197, 177, 3, 'Acting'),
(1198, 223, 3, 'Writing'),
(1199, 38, 6, 'Directing'),
(1200, 209, 2, 'Acting'),
(1201, 17, 7, 'Writing'),
(1202, 171, 13, 'Acting'),
(1203, 24, 5, 'Writing'),
(1204, 164, 13, 'Directing'),
(1205, 215, 3, 'Writing'),
(1206, 90, 15, 'Directing'),
(1207, 151, 18, 'Acting'),
(1208, 50, 4, 'Acting'),
(1209, 48, 14, 'Directing'),
(1210, 8, 11, 'Writing'),
(1211, 194, 11, 'Acting'),
(1212, 204, 4, 'Directing'),
(1213, 31, 17, 'Acting'),
(1214, 178, 4, 'Acting'),
(1215, 164, 15, 'Acting'),
(1216, 197, 5, 'Acting'),
(1217, 31, 15, 'Acting'),
(1218, 87, 9, 'Writing'),
(1219, 100, 16, 'Directing'),
(1220, 191, 12, 'Directing'),
(1221, 4, 11, 'Acting'),
(1222, 53, 12, 'Directing'),
(1223, 94, 5, 'Acting'),
(1224, 26, 18, 'Acting'),
(1225, 216, 4, 'Writing'),
(1226, 134, 5, 'Acting'),
(1227, 72, 10, 'Acting'),
(1228, 80, 17, 'Acting'),
(1229, 204, 14, 'Acting'),
(1230, 1, 15, 'Writing'),
(1231, 149, 20, 'Acting'),
(1232, 177, 5, 'Directing'),
(1233, 133, 11, 'Writing'),
(1234, 52, 17, 'Acting'),
(1235, 74, 13, 'Directing'),
(1236, 65, 15, 'Directing'),
(1237, 193, 8, 'Directing'),
(1238, 39, 3, 'Acting'),
(1239, 140, 17, 'Directing'),
(1240, 159, 1, 'Directing'),
(1241, 70, 18, 'Directing'),
(1242, 99, 13, 'Directing'),
(1243, 91, 9, 'Acting'),
(1244, 161, 15, 'Writing'),
(1245, 193, 16, 'Acting'),
(1246, 227, 10, 'Writing'),
(1247, 45, 17, 'Acting'),
(1248, 79, 2, 'Acting'),
(1249, 195, 3, 'Acting'),
(1250, 194, 15, 'Acting'),
(1251, 94, 9, 'Directing'),
(1252, 136, 14, 'Acting'),
(1253, 180, 12, 'Acting'),
(1254, 99, 9, 'Acting'),
(1255, 208, 13, 'Acting'),
(1256, 129, 16, 'Acting'),
(1257, 67, 20, 'Directing'),
(1258, 13, 6, 'Acting'),
(1259, 136, 10, 'Acting'),
(1260, 90, 3, 'Directing'),
(1261, 138, 8, 'Acting'),
(1262, 99, 12, 'Directing'),
(1263, 15, 2, 'Acting'),
(1264, 86, 9, 'Writing'),
(1265, 145, 20, 'Writing'),
(1266, 71, 10, 'Writing'),
(1267, 135, 14, 'Directing'),
(1268, 83, 16, 'Writing'),
(1269, 225, 16, 'Acting'),
(1270, 151, 4, 'Acting'),
(1271, 4, 15, 'Directing'),
(1272, 190, 6, 'Acting'),
(1273, 20, 13, 'Directing'),
(1274, 77, 12, 'Acting'),
(1275, 200, 4, 'Directing'),
(1276, 96, 16, 'Acting'),
(1277, 138, 12, 'Acting'),
(1278, 34, 16, 'Directing'),
(1279, 192, 7, 'Directing'),
(1280, 183, 16, 'Acting'),
(1281, 132, 19, 'Directing'),
(1282, 173, 7, 'Directing'),
(1283, 134, 8, 'Directing'),
(1284, 51, 16, 'Acting'),
(1285, 220, 6, 'Writing'),
(1286, 91, 8, 'Acting'),
(1287, 91, 3, 'Acting'),
(1288, 199, 19, 'Acting'),
(1289, 179, 14, 'Acting'),
(1290, 39, 8, 'Writing'),
(1291, 39, 5, 'Acting'),
(1292, 226, 2, 'Directing'),
(1293, 62, 8, 'Acting'),
(1294, 158, 13, 'Directing'),
(1295, 63, 13, 'Acting'),
(1296, 33, 4, 'Directing'),
(1297, 73, 1, 'Directing'),
(1298, 152, 20, 'Directing'),
(1299, 75, 8, 'Writing'),
(1300, 98, 2, 'Acting'),
(1301, 1, 11, 'Acting'),
(1302, 55, 9, 'Directing'),
(1303, 57, 1, 'Directing'),
(1304, 227, 18, 'Acting'),
(1305, 47, 10, 'Acting'),
(1306, 139, 20, 'Acting'),
(1307, 169, 10, 'Acting'),
(1308, 22, 2, 'Directing'),
(1309, 46, 6, 'Writing'),
(1310, 180, 3, 'Writing'),
(1311, 58, 4, 'Acting'),
(1312, 191, 17, 'Directing'),
(1313, 210, 4, 'Writing'),
(1314, 188, 1, 'Acting'),
(1315, 27, 16, 'Writing'),
(1316, 67, 10, 'Acting'),
(1317, 75, 6, 'Directing'),
(1318, 51, 11, 'Acting'),
(1319, 174, 7, 'Writing'),
(1320, 95, 5, 'Acting'),
(1321, 202, 13, 'Directing'),
(1322, 32, 13, 'Acting'),
(1323, 100, 13, 'Acting'),
(1324, 34, 6, 'Acting'),
(1325, 221, 12, 'Acting'),
(1326, 215, 6, 'Directing'),
(1327, 12, 13, 'Acting'),
(1328, 93, 20, 'Acting'),
(1329, 17, 20, 'Directing'),
(1330, 135, 5, 'Acting'),
(1331, 152, 19, 'Acting'),
(1332, 224, 4, 'Acting'),
(1333, 216, 9, 'Acting'),
(1334, 22, 8, 'Acting'),
(1335, 189, 14, 'Writing'),
(1336, 85, 9, 'Acting'),
(1337, 36, 16, 'Acting'),
(1338, 11, 13, 'Writing'),
(1339, 14, 12, 'Directing'),
(1340, 86, 15, 'Directing'),
(1341, 196, 6, 'Directing'),
(1342, 217, 15, 'Acting'),
(1343, 214, 11, 'Directing'),
(1344, 199, 10, 'Directing'),
(1345, 32, 17, 'Acting'),
(1346, 226, 16, 'Writing'),
(1347, 37, 11, 'Acting'),
(1348, 135, 1, 'Acting'),
(1349, 97, 18, 'Acting'),
(1350, 206, 12, 'Writing'),
(1351, 67, 14, 'Acting'),
(1352, 137, 17, 'Acting'),
(1353, 88, 20, 'Directing'),
(1354, 187, 16, 'Directing'),
(1355, 20, 6, 'Acting'),
(1356, 128, 20, 'Writing'),
(1357, 167, 14, 'Directing'),
(1358, 77, 11, 'Acting'),
(1359, 19, 11, 'Acting'),
(1360, 75, 15, 'Acting'),
(1361, 137, 5, 'Acting'),
(1362, 129, 8, 'Acting'),
(1363, 142, 13, 'Directing'),
(1364, 99, 3, 'Acting'),
(1365, 11, 6, 'Acting'),
(1366, 201, 8, 'Directing'),
(1367, 171, 1, 'Acting'),
(1368, 76, 9, 'Acting'),
(1369, 215, 16, 'Acting'),
(1370, 171, 14, 'Writing'),
(1371, 138, 13, 'Directing'),
(1372, 14, 19, 'Writing'),
(1373, 40, 2, 'Acting'),
(1374, 22, 16, 'Acting'),
(1375, 16, 11, 'Directing'),
(1376, 38, 5, 'Writing'),
(1377, 23, 18, 'Directing'),
(1378, 206, 16, 'Acting'),
(1379, 45, 19, 'Writing'),
(1380, 15, 1, 'Acting'),
(1381, 46, 9, 'Acting'),
(1382, 198, 4, 'Directing'),
(1383, 224, 2, 'Directing'),
(1384, 62, 17, 'Acting'),
(1385, 140, 12, 'Directing'),
(1386, 73, 4, 'Directing'),
(1387, 175, 3, 'Acting'),
(1388, 145, 17, 'Acting'),
(1389, 131, 4, 'Acting'),
(1390, 174, 10, 'Acting'),
(1391, 172, 5, 'Acting'),
(1392, 176, 1, 'Acting'),
(1393, 81, 16, 'Acting'),
(1394, 182, 1, 'Acting'),
(1395, 167, 9, 'Directing'),
(1396, 62, 18, 'Directing'),
(1397, 202, 15, 'Writing'),
(1398, 166, 15, 'Acting'),
(1399, 1, 2, 'Directing'),
(1400, 165, 18, 'Directing'),
(1401, 86, 6, 'Writing'),
(1402, 39, 13, 'Directing'),
(1403, 142, 7, 'Directing'),
(1404, 94, 14, 'Directing'),
(1405, 216, 1, 'Writing'),
(1406, 58, 13, 'Acting'),
(1407, 159, 17, 'Directing'),
(1408, 132, 7, 'Acting'),
(1409, 199, 9, 'Acting'),
(1410, 11, 14, 'Directing'),
(1411, 185, 4, 'Directing'),
(1412, 140, 14, 'Writing'),
(1413, 6, 15, 'Writing'),
(1414, 89, 12, 'Directing'),
(1415, 197, 7, 'Acting'),
(1416, 4, 18, 'Directing'),
(1417, 166, 17, 'Directing'),
(1418, 70, 13, 'Directing'),
(1419, 213, 18, 'Directing'),
(1420, 218, 20, 'Acting'),
(1421, 47, 11, 'Writing'),
(1422, 16, 7, 'Writing'),
(1423, 132, 14, 'Directing'),
(1424, 22, 4, 'Directing'),
(1425, 17, 1, 'Directing'),
(1426, 132, 6, 'Writing'),
(1427, 24, 20, 'Writing'),
(1428, 75, 3, 'Directing'),
(1429, 5, 2, 'Directing'),
(1430, 169, 16, 'Directing'),
(1431, 189, 8, 'Acting'),
(1432, 152, 15, 'Acting'),
(1433, 214, 12, 'Acting'),
(1434, 165, 14, 'Acting'),
(1435, 59, 5, 'Acting'),
(1436, 169, 17, 'Acting'),
(1437, 154, 14, 'Directing'),
(1438, 73, 6, 'Directing'),
(1439, 72, 12, 'Acting'),
(1440, 63, 7, 'Acting'),
(1441, 147, 18, 'Directing'),
(1442, 222, 1, 'Directing'),
(1443, 27, 14, 'Writing'),
(1444, 91, 11, 'Directing'),
(1445, 97, 7, 'Directing'),
(1446, 219, 14, 'Directing'),
(1447, 199, 15, 'Directing'),
(1448, 17, 12, 'Writing'),
(1449, 48, 12, 'Acting'),
(1450, 96, 20, 'Writing'),
(1451, 196, 16, 'Directing'),
(1452, 204, 16, 'Directing'),
(1453, 226, 15, 'Directing'),
(1454, 148, 2, 'Directing'),
(1455, 201, 19, 'Writing'),
(1456, 155, 2, 'Directing'),
(1457, 8, 18, 'Acting'),
(1458, 58, 1, 'Acting'),
(1459, 94, 20, 'Directing'),
(1460, 71, 8, 'Writing'),
(1461, 161, 13, 'Directing'),
(1462, 227, 12, 'Directing'),
(1463, 4, 17, 'Directing'),
(1464, 91, 12, 'Directing'),
(1465, 191, 4, 'Acting'),
(1466, 69, 15, 'Directing'),
(1467, 22, 19, 'Directing'),
(1468, 129, 14, 'Acting'),
(1469, 215, 9, 'Acting'),
(1470, 185, 2, 'Acting'),
(1471, 47, 17, 'Writing'),
(1472, 49, 5, 'Directing'),
(1473, 137, 20, 'Acting'),
(1474, 52, 12, 'Directing'),
(1475, 32, 3, 'Writing'),
(1476, 220, 14, 'Acting'),
(1477, 154, 15, 'Directing'),
(1478, 32, 6, 'Directing'),
(1479, 6, 7, 'Acting'),
(1480, 227, 6, 'Writing'),
(1481, 141, 19, 'Acting'),
(1482, 6, 1, 'Acting'),
(1483, 216, 10, 'Acting'),
(1484, 17, 3, 'Directing'),
(1485, 199, 14, 'Acting'),
(1486, 189, 6, 'Writing'),
(1487, 8, 10, 'Directing'),
(1488, 20, 15, 'Writing'),
(1489, 82, 16, 'Writing'),
(1490, 73, 12, 'Directing'),
(1491, 154, 20, 'Directing'),
(1492, 22, 12, 'Directing'),
(1493, 134, 17, 'Acting'),
(1494, 140, 1, 'Directing'),
(1495, 65, 4, 'Acting'),
(1496, 10, 15, 'Acting'),
(1497, 141, 7, 'Acting'),
(1498, 163, 7, 'Directing'),
(1499, 62, 11, 'Directing'),
(1500, 33, 2, 'Directing'),
(1501, 193, 15, 'Acting'),
(1502, 43, 15, 'Acting'),
(1503, 217, 2, 'Acting'),
(1504, 55, 12, 'Acting'),
(1505, 157, 4, 'Writing'),
(1506, 64, 20, 'Acting'),
(1507, 51, 12, 'Acting'),
(1508, 184, 11, 'Acting'),
(1509, 60, 6, 'Directing'),
(1510, 27, 15, 'Acting'),
(1511, 151, 2, 'Acting'),
(1512, 14, 9, 'Acting'),
(1513, 210, 16, 'Acting'),
(1514, 144, 5, 'Acting'),
(1515, 55, 1, 'Directing'),
(1516, 89, 8, 'Acting'),
(1517, 12, 19, 'Directing'),
(1518, 227, 17, 'Writing'),
(1519, 26, 14, 'Acting'),
(1520, 146, 2, 'Acting'),
(1521, 221, 7, 'Acting'),
(1522, 99, 15, 'Directing'),
(1523, 24, 14, 'Acting'),
(1524, 188, 5, 'Acting'),
(1525, 32, 18, 'Acting'),
(1526, 44, 18, 'Acting'),
(1527, 24, 12, 'Acting'),
(1528, 213, 6, 'Directing'),
(1529, 54, 10, 'Directing'),
(1530, 152, 8, 'Acting'),
(1531, 166, 12, 'Acting'),
(1532, 46, 20, 'Acting'),
(1533, 47, 8, 'Acting'),
(1534, 59, 11, 'Acting'),
(1535, 1, 8, 'Directing'),
(1536, 208, 14, 'Directing'),
(1537, 28, 15, 'Directing'),
(1538, 32, 1, 'Directing'),
(1539, 182, 20, 'Acting'),
(1540, 189, 2, 'Acting'),
(1541, 222, 16, 'Directing'),
(1542, 185, 18, 'Writing'),
(1543, 71, 13, 'Acting'),
(1544, 173, 12, 'Writing'),
(1545, 20, 9, 'Acting'),
(1546, 129, 5, 'Acting'),
(1547, 137, 9, 'Acting'),
(1548, 48, 8, 'Acting'),
(1549, 144, 14, 'Directing'),
(1550, 71, 1, 'Acting'),
(1551, 225, 4, 'Writing'),
(1552, 209, 13, 'Acting'),
(1553, 4, 19, 'Writing'),
(1554, 81, 11, 'Acting'),
(1555, 216, 17, 'Acting'),
(1556, 153, 11, 'Directing'),
(1557, 16, 5, 'Writing'),
(1558, 90, 7, 'Acting'),
(1559, 33, 17, 'Directing'),
(1560, 19, 12, 'Directing'),
(1561, 206, 2, 'Directing'),
(1562, 100, 9, 'Acting'),
(1563, 98, 7, 'Writing'),
(1564, 27, 11, 'Acting'),
(1565, 37, 12, 'Acting'),
(1566, 42, 15, 'Directing'),
(1567, 219, 9, 'Directing'),
(1568, 25, 18, 'Acting'),
(1569, 166, 16, 'Directing'),
(1570, 213, 10, 'Writing'),
(1571, 208, 1, 'Directing'),
(1572, 100, 20, 'Writing'),
(1573, 211, 4, 'Acting'),
(1574, 12, 7, 'Writing'),
(1575, 177, 18, 'Writing'),
(1576, 15, 14, 'Directing'),
(1577, 18, 15, 'Writing'),
(1578, 83, 11, 'Writing'),
(1579, 143, 15, 'Directing'),
(1580, 54, 14, 'Directing'),
(1581, 206, 4, 'Directing'),
(1582, 46, 8, 'Acting'),
(1583, 206, 3, 'Writing'),
(1584, 167, 16, 'Acting'),
(1585, 193, 2, 'Acting'),
(1586, 182, 14, 'Directing'),
(1587, 10, 4, 'Acting'),
(1588, 188, 10, 'Directing'),
(1589, 168, 20, 'Directing'),
(1590, 40, 14, 'Acting'),
(1591, 185, 14, 'Acting'),
(1592, 223, 1, 'Acting'),
(1593, 62, 5, 'Writing'),
(1594, 143, 2, 'Acting'),
(1595, 69, 14, 'Directing'),
(1596, 96, 17, 'Writing'),
(1597, 42, 10, 'Directing'),
(1598, 200, 12, 'Directing'),
(1599, 226, 10, 'Acting'),
(1600, 169, 18, 'Acting'),
(1601, 184, 20, 'Directing'),
(1602, 143, 16, 'Writing'),
(1603, 12, 11, 'Directing'),
(1604, 193, 6, 'Directing'),
(1605, 26, 20, 'Writing'),
(1606, 164, 5, 'Directing'),
(1607, 168, 4, 'Directing'),
(1608, 57, 9, 'Directing'),
(1609, 99, 6, 'Acting'),
(1610, 38, 20, 'Acting'),
(1611, 6, 20, 'Acting'),
(1612, 96, 12, 'Acting'),
(1613, 57, 19, 'Writing'),
(1614, 5, 16, 'Acting'),
(1615, 59, 10, 'Directing'),
(1616, 190, 1, 'Directing'),
(1617, 138, 6, 'Directing'),
(1618, 202, 10, 'Acting'),
(1619, 221, 13, 'Acting'),
(1620, 34, 11, 'Acting'),
(1621, 164, 8, 'Acting'),
(1622, 36, 6, 'Acting'),
(1623, 100, 4, 'Directing'),
(1624, 198, 7, 'Writing'),
(1625, 215, 8, 'Directing'),
(1626, 72, 17, 'Acting'),
(1627, 3, 9, 'Directing'),
(1628, 178, 16, 'Acting'),
(1629, 12, 5, 'Writing'),
(1630, 65, 6, 'Acting'),
(1631, 211, 19, 'Directing'),
(1632, 26, 2, 'Directing'),
(1633, 33, 6, 'Acting'),
(1634, 138, 14, 'Acting'),
(1635, 191, 14, 'Directing'),
(1636, 150, 1, 'Acting'),
(1637, 209, 19, 'Acting'),
(1638, 168, 6, 'Directing'),
(1639, 200, 5, 'Acting'),
(1640, 133, 16, 'Directing'),
(1641, 143, 3, 'Acting'),
(1642, 138, 11, 'Acting'),
(1643, 73, 17, 'Acting'),
(1644, 162, 10, 'Acting'),
(1645, 64, 5, 'Acting'),
(1646, 46, 4, 'Directing'),
(1647, 66, 6, 'Directing'),
(1648, 88, 2, 'Directing'),
(1649, 148, 20, 'Directing'),
(1650, 82, 3, 'Directing'),
(1651, 94, 11, 'Writing'),
(1652, 21, 2, 'Directing'),
(1653, 34, 2, 'Acting'),
(1654, 53, 3, 'Acting'),
(1655, 169, 19, 'Directing'),
(1656, 3, 20, 'Acting'),
(1657, 1, 16, 'Directing'),
(1658, 141, 4, 'Directing'),
(1659, 17, 14, 'Acting'),
(1660, 93, 2, 'Acting'),
(1661, 199, 20, 'Acting'),
(1662, 28, 7, 'Acting'),
(1663, 220, 3, 'Directing'),
(1664, 162, 5, 'Directing'),
(1665, 179, 3, 'Acting'),
(1666, 216, 5, 'Directing'),
(1667, 140, 4, 'Directing'),
(1668, 44, 2, 'Directing'),
(1669, 196, 18, 'Acting'),
(1670, 34, 5, 'Directing'),
(1671, 163, 2, 'Acting'),
(1672, 146, 17, 'Directing'),
(1673, 154, 11, 'Acting'),
(1674, 149, 13, 'Writing'),
(1675, 58, 11, 'Directing'),
(1676, 48, 6, 'Directing'),
(1677, 193, 19, 'Acting'),
(1678, 135, 3, 'Acting'),
(1679, 181, 16, 'Acting'),
(1680, 7, 8, 'Directing'),
(1681, 173, 2, 'Writing'),
(1682, 87, 7, 'Directing'),
(1683, 53, 8, 'Acting'),
(1684, 224, 5, 'Directing'),
(1685, 172, 13, 'Directing'),
(1686, 32, 4, 'Acting'),
(1687, 30, 12, 'Directing'),
(1688, 37, 4, 'Acting'),
(1689, 17, 2, 'Directing'),
(1690, 157, 19, 'Directing'),
(1691, 49, 10, 'Acting'),
(1692, 208, 9, 'Acting'),
(1693, 191, 1, 'Directing'),
(1694, 90, 4, 'Acting'),
(1695, 161, 5, 'Acting'),
(1696, 166, 1, 'Directing'),
(1697, 48, 20, 'Acting'),
(1698, 212, 19, 'Acting'),
(1699, 90, 19, 'Acting'),
(1700, 41, 16, 'Acting'),
(1701, 27, 5, 'Acting'),
(1702, 86, 13, 'Directing'),
(1703, 153, 1, 'Directing'),
(1704, 169, 5, 'Acting'),
(1705, 91, 7, 'Directing'),
(1706, 188, 8, 'Directing'),
(1707, 80, 7, 'Acting'),
(1708, 149, 2, 'Directing'),
(1709, 211, 17, 'Directing'),
(1710, 156, 16, 'Acting'),
(1711, 128, 1, 'Directing'),
(1712, 18, 1, 'Acting'),
(1713, 80, 13, 'Directing'),
(1714, 99, 4, 'Directing'),
(1715, 165, 6, 'Acting'),
(1716, 11, 2, 'Acting'),
(1717, 147, 1, 'Acting'),
(1718, 43, 11, 'Acting'),
(1719, 214, 1, 'Acting'),
(1720, 47, 3, 'Acting'),
(1721, 178, 5, 'Acting'),
(1722, 52, 14, 'Writing'),
(1723, 29, 4, 'Writing'),
(1724, 19, 14, 'Directing'),
(1725, 136, 9, 'Acting'),
(1726, 94, 8, 'Acting'),
(1727, 75, 13, 'Acting'),
(1728, 38, 13, 'Acting'),
(1729, 149, 8, 'Acting'),
(1730, 41, 10, 'Acting'),
(1731, 91, 14, 'Directing'),
(1732, 40, 19, 'Acting'),
(1733, 169, 12, 'Writing'),
(1734, 49, 1, 'Directing'),
(1735, 7, 2, 'Acting'),
(1736, 221, 2, 'Directing'),
(1737, 88, 8, 'Acting'),
(1738, 155, 15, 'Acting'),
(1739, 33, 5, 'Writing'),
(1740, 223, 5, 'Acting'),
(1741, 192, 15, 'Writing'),
(1742, 145, 2, 'Directing'),
(1743, 134, 11, 'Acting'),
(1744, 211, 10, 'Directing'),
(1745, 83, 9, 'Writing'),
(1746, 225, 7, 'Writing'),
(1747, 154, 1, 'Directing'),
(1748, 72, 16, 'Directing'),
(1749, 222, 2, 'Acting'),
(1750, 73, 8, 'Directing'),
(1751, 146, 15, 'Acting'),
(1752, 8, 12, 'Acting'),
(1753, 223, 6, 'Directing'),
(1754, 172, 11, 'Acting'),
(1755, 172, 6, 'Directing'),
(1756, 8, 8, 'Acting'),
(1757, 6, 4, 'Acting'),
(1758, 183, 5, 'Writing'),
(1759, 21, 14, 'Acting'),
(1760, 24, 17, 'Writing'),
(1761, 154, 12, 'Acting'),
(1762, 157, 10, 'Acting'),
(1763, 145, 4, 'Acting'),
(1764, 227, 9, 'Acting'),
(1765, 171, 16, 'Directing'),
(1766, 14, 11, 'Writing'),
(1767, 158, 14, 'Acting'),
(1768, 23, 2, 'Acting'),
(1769, 25, 9, 'Writing'),
(1770, 1, 12, 'Acting'),
(1771, 67, 6, 'Acting'),
(1772, 83, 19, 'Writing'),
(1773, 181, 20, 'Directing'),
(1774, 171, 20, 'Directing'),
(1775, 133, 6, 'Writing'),
(1776, 14, 8, 'Acting'),
(1777, 205, 1, 'Directing'),
(1778, 150, 15, 'Acting'),
(1779, 138, 15, 'Writing'),
(1780, 195, 8, 'Acting'),
(1781, 88, 16, 'Acting'),
(1782, 56, 13, 'Acting'),
(1783, 99, 1, 'Acting'),
(1784, 94, 3, 'Directing'),
(1785, 130, 19, 'Directing'),
(1786, 224, 13, 'Acting'),
(1787, 11, 8, 'Writing'),
(1788, 219, 19, 'Directing'),
(1789, 218, 11, 'Acting'),
(1790, 208, 17, 'Acting'),
(1791, 84, 2, 'Acting'),
(1792, 161, 8, 'Directing'),
(1793, 100, 12, 'Acting'),
(1794, 32, 2, 'Acting'),
(1795, 63, 2, 'Directing'),
(1796, 15, 8, 'Directing'),
(1797, 97, 14, 'Acting'),
(1798, 53, 13, 'Acting'),
(1799, 210, 14, 'Acting'),
(1800, 77, 1, 'Acting'),
(1801, 29, 1, 'Acting'),
(1802, 201, 18, 'Acting'),
(1803, 205, 9, 'Acting'),
(1804, 94, 4, 'Directing'),
(1805, 206, 17, 'Acting'),
(1806, 181, 6, 'Acting'),
(1807, 200, 9, 'Acting'),
(1808, 28, 3, 'Writing'),
(1809, 59, 18, 'Acting'),
(1810, 131, 1, 'Directing'),
(1811, 150, 19, 'Directing'),
(1812, 71, 6, 'Acting'),
(1813, 56, 15, 'Acting'),
(1814, 186, 12, 'Acting'),
(1815, 66, 14, 'Acting'),
(1816, 160, 9, 'Writing'),
(1817, 188, 12, 'Acting'),
(1818, 129, 1, 'Writing'),
(1819, 81, 9, 'Acting'),
(1820, 24, 16, 'Directing'),
(1821, 59, 13, 'Acting'),
(1822, 24, 9, 'Directing'),
(1823, 17, 17, 'Acting'),
(1824, 41, 14, 'Directing'),
(1825, 19, 4, 'Directing'),
(1826, 25, 3, 'Acting'),
(1827, 207, 14, 'Acting'),
(1828, 30, 9, 'Acting'),
(1829, 204, 11, 'Writing'),
(1830, 48, 19, 'Directing'),
(1831, 86, 3, 'Directing'),
(1832, 56, 20, 'Writing'),
(1833, 98, 11, 'Acting'),
(1834, 2, 3, 'Writing'),
(1835, 171, 9, 'Acting'),
(1836, 62, 10, 'Acting'),
(1837, 6, 17, 'Acting'),
(1838, 94, 10, 'Acting'),
(1839, 175, 10, 'Directing'),
(1840, 199, 18, 'Directing'),
(1841, 212, 4, 'Acting'),
(1842, 30, 4, 'Acting'),
(1843, 33, 9, 'Directing'),
(1844, 3, 12, 'Directing'),
(1845, 40, 3, 'Writing'),
(1846, 1, 9, 'Acting'),
(1847, 10, 1, 'Acting'),
(1848, 195, 4, 'Directing'),
(1849, 2, 6, 'Directing'),
(1850, 5, 7, 'Acting'),
(1851, 224, 7, 'Acting'),
(1852, 63, 1, 'Acting'),
(1853, 44, 19, 'Directing'),
(1854, 87, 16, 'Acting'),
(1855, 176, 9, 'Directing'),
(1856, 86, 16, 'Acting'),
(1857, 79, 5, 'Acting'),
(1858, 10, 18, 'Directing'),
(1859, 208, 8, 'Acting'),
(1860, 78, 5, 'Acting'),
(1861, 50, 15, 'Acting'),
(1862, 76, 13, 'Acting'),
(1863, 4, 10, 'Acting'),
(1864, 187, 8, 'Acting'),
(1865, 165, 15, 'Acting'),
(1866, 180, 13, 'Directing'),
(1867, 163, 18, 'Writing'),
(1868, 91, 1, 'Acting'),
(1869, 56, 3, 'Acting'),
(1870, 193, 5, 'Acting'),
(1871, 11, 10, 'Acting'),
(1872, 95, 17, 'Directing'),
(1873, 57, 8, 'Writing'),
(1874, 81, 7, 'Directing'),
(1875, 53, 16, 'Writing'),
(1876, 53, 1, 'Acting'),
(1877, 181, 5, 'Directing'),
(1878, 67, 2, 'Acting'),
(1879, 100, 11, 'Acting'),
(1880, 159, 10, 'Writing'),
(1881, 17, 19, 'Acting'),
(1882, 203, 13, 'Writing'),
(1883, 172, 19, 'Directing'),
(1884, 184, 12, 'Acting'),
(1885, 221, 17, 'Acting'),
(1886, 83, 5, 'Directing'),
(1887, 15, 5, 'Acting'),
(1888, 153, 5, 'Writing'),
(1889, 194, 9, 'Writing'),
(1890, 60, 15, 'Directing'),
(1891, 50, 11, 'Acting'),
(1892, 85, 20, 'Directing'),
(1893, 98, 13, 'Directing'),
(1894, 168, 1, 'Acting'),
(1895, 34, 7, 'Acting'),
(1896, 37, 13, 'Directing'),
(1897, 148, 18, 'Acting'),
(1898, 35, 9, 'Acting'),
(1899, 48, 10, 'Directing'),
(1900, 196, 9, 'Directing'),
(1901, 75, 1, 'Acting'),
(1902, 39, 4, 'Acting'),
(1903, 58, 9, 'Directing'),
(1904, 37, 7, 'Directing'),
(1905, 175, 9, 'Directing'),
(1906, 157, 13, 'Directing'),
(1907, 76, 2, 'Acting'),
(1908, 175, 20, 'Writing'),
(1909, 217, 14, 'Acting'),
(1910, 188, 4, 'Acting'),
(1911, 152, 7, 'Acting'),
(1912, 31, 2, 'Directing'),
(1913, 100, 17, 'Acting'),
(1914, 153, 4, 'Acting'),
(1915, 98, 18, 'Directing'),
(1916, 15, 9, 'Acting'),
(1917, 5, 12, 'Acting'),
(1918, 37, 9, 'Acting'),
(1919, 141, 11, 'Acting'),
(1920, 9, 1, 'Directing'),
(1921, 170, 17, 'Acting'),
(1922, 130, 3, 'Acting'),
(1923, 174, 20, 'Acting'),
(1924, 131, 12, 'Acting'),
(1925, 29, 3, 'Acting'),
(1926, 58, 5, 'Directing'),
(1927, 219, 7, 'Directing'),
(1928, 3, 11, 'Acting'),
(1929, 191, 5, 'Acting'),
(1930, 214, 3, 'Acting'),
(1931, 151, 6, 'Directing'),
(1932, 38, 11, 'Directing'),
(1933, 221, 6, 'Acting'),
(1934, 38, 16, 'Acting'),
(1935, 68, 10, 'Acting'),
(1936, 167, 7, 'Acting'),
(1937, 155, 5, 'Acting'),
(1938, 197, 8, 'Acting'),
(1939, 60, 3, 'Directing'),
(1940, 75, 19, 'Acting'),
(1941, 178, 11, 'Directing'),
(1942, 211, 14, 'Acting'),
(1943, 24, 2, 'Directing'),
(1944, 78, 18, 'Acting'),
(1945, 37, 6, 'Writing'),
(1946, 212, 2, 'Writing'),
(1947, 52, 9, 'Acting'),
(1948, 181, 2, 'Acting'),
(1949, 198, 17, 'Directing'),
(1950, 193, 14, 'Directing'),
(1951, 73, 3, 'Acting'),
(1952, 190, 14, 'Acting'),
(1953, 158, 19, 'Acting'),
(1954, 144, 15, 'Directing'),
(1955, 64, 10, 'Acting'),
(1956, 59, 3, 'Directing'),
(1957, 50, 3, 'Writing'),
(1958, 219, 10, 'Directing'),
(1959, 38, 9, 'Acting'),
(1960, 50, 17, 'Acting'),
(1961, 200, 13, 'Acting'),
(1962, 159, 5, 'Writing'),
(1963, 203, 8, 'Acting'),
(1964, 219, 3, 'Acting'),
(1965, 23, 14, 'Acting'),
(1966, 15, 16, 'Acting'),
(1967, 139, 15, 'Acting'),
(1968, 180, 4, 'Directing'),
(1969, 146, 16, 'Acting'),
(1970, 159, 3, 'Acting'),
(1971, 157, 1, 'Writing'),
(1972, 169, 20, 'Acting'),
(1973, 134, 14, 'Acting'),
(1974, 141, 3, 'Acting'),
(1975, 149, 16, 'Acting'),
(1976, 21, 9, 'Acting'),
(1977, 132, 8, 'Directing'),
(1978, 177, 15, 'Acting'),
(1979, 70, 8, 'Acting'),
(1980, 52, 5, 'Acting'),
(1981, 202, 5, 'Acting'),
(1982, 41, 7, 'Directing'),
(1983, 189, 16, 'Acting'),
(1984, 186, 19, 'Directing'),
(1985, 19, 8, 'Directing'),
(1986, 93, 12, 'Acting'),
(1987, 42, 19, 'Acting'),
(1988, 7, 6, 'Acting'),
(1989, 38, 17, 'Directing'),
(1990, 96, 9, 'Directing'),
(1991, 209, 6, 'Acting'),
(1992, 146, 5, 'Acting'),
(1993, 177, 13, 'Acting'),
(1994, 183, 10, 'Acting'),
(1995, 65, 19, 'Directing'),
(1996, 36, 20, 'Acting'),
(1997, 26, 13, 'Acting'),
(1998, 38, 19, 'Writing'),
(1999, 68, 9, 'Acting'),
(2000, 81, 13, 'Writing'),
(2001, 218, 18, 'Directing'),
(2002, 152, 1, 'Directing'),
(2003, 10, 11, 'Acting'),
(2004, 58, 3, 'Writing'),
(2005, 83, 3, 'Acting'),
(2006, 52, 13, 'Acting'),
(2007, 219, 17, 'Directing'),
(2008, 83, 18, 'Acting'),
(2009, 135, 20, 'Directing'),
(2010, 192, 1, 'Acting'),
(2011, 175, 8, 'Acting'),
(2012, 157, 16, 'Directing'),
(2013, 220, 4, 'Acting'),
(2014, 41, 20, 'Directing'),
(2015, 80, 3, 'Directing'),
(2016, 67, 12, 'Writing'),
(2017, 168, 9, 'Acting'),
(2018, 152, 17, 'Directing'),
(2019, 37, 15, 'Acting'),
(2020, 85, 14, 'Acting'),
(2021, 54, 15, 'Writing'),
(2022, 25, 4, 'Acting'),
(2023, 68, 5, 'Acting'),
(2024, 176, 18, 'Writing'),
(2025, 218, 19, 'Acting');
INSERT INTO `creditos` (`id`, `mediaID`, `ContributorID`, `departamento`) VALUES
(2026, 29, 16, 'Directing'),
(2027, 44, 3, 'Acting'),
(2028, 17, 4, 'Directing'),
(2029, 7, 13, 'Directing'),
(2030, 9, 10, 'Acting'),
(2031, 148, 19, 'Acting'),
(2032, 168, 3, 'Acting'),
(2033, 73, 18, 'Acting'),
(2034, 77, 19, 'Writing'),
(2035, 82, 9, 'Directing'),
(2036, 143, 20, 'Directing'),
(2037, 145, 16, 'Acting'),
(2038, 178, 6, 'Acting'),
(2039, 214, 16, 'Writing'),
(2040, 73, 7, 'Writing'),
(2041, 33, 15, 'Acting'),
(2042, 11, 16, 'Acting'),
(2043, 21, 16, 'Directing'),
(2044, 224, 1, 'Writing'),
(2045, 82, 2, 'Acting'),
(2046, 98, 15, 'Directing'),
(2047, 215, 5, 'Directing'),
(2048, 159, 7, 'Writing'),
(2049, 131, 2, 'Acting'),
(2050, 187, 6, 'Acting'),
(2051, 195, 5, 'Acting'),
(2052, 143, 17, 'Acting'),
(2053, 138, 19, 'Acting'),
(2054, 85, 12, 'Acting'),
(2055, 25, 17, 'Directing'),
(2056, 56, 11, 'Acting'),
(2057, 67, 5, 'Acting'),
(2058, 182, 9, 'Acting'),
(2059, 80, 4, 'Acting'),
(2060, 74, 16, 'Directing'),
(2061, 204, 7, 'Writing'),
(2062, 100, 3, 'Acting'),
(2063, 79, 8, 'Acting'),
(2064, 47, 18, 'Acting'),
(2065, 194, 3, 'Acting'),
(2066, 137, 11, 'Acting'),
(2067, 206, 1, 'Directing'),
(2068, 64, 18, 'Acting'),
(2069, 51, 6, 'Writing'),
(2070, 144, 7, 'Acting'),
(2071, 62, 1, 'Acting'),
(2072, 194, 6, 'Acting'),
(2073, 209, 5, 'Acting'),
(2074, 172, 18, 'Writing'),
(2075, 147, 2, 'Acting'),
(2076, 85, 11, 'Acting'),
(2077, 92, 12, 'Acting'),
(2078, 152, 12, 'Directing'),
(2079, 68, 15, 'Acting'),
(2080, 187, 13, 'Directing'),
(2081, 63, 4, 'Directing'),
(2082, 184, 15, 'Writing'),
(2083, 89, 3, 'Writing'),
(2084, 130, 15, 'Acting'),
(2085, 195, 16, 'Directing'),
(2086, 82, 12, 'Writing'),
(2087, 168, 11, 'Writing'),
(2088, 144, 10, 'Acting'),
(2089, 86, 17, 'Acting'),
(2090, 15, 10, 'Acting'),
(2091, 178, 3, 'Directing'),
(2092, 81, 12, 'Acting'),
(2093, 68, 16, 'Directing'),
(2094, 52, 4, 'Acting'),
(2095, 179, 11, 'Acting'),
(2096, 97, 15, 'Acting'),
(2097, 87, 6, 'Acting'),
(2098, 5, 15, 'Directing'),
(2099, 53, 18, 'Acting'),
(2100, 214, 17, 'Acting'),
(2101, 38, 2, 'Acting'),
(2102, 156, 14, 'Directing'),
(2103, 217, 9, 'Directing'),
(2104, 26, 9, 'Acting'),
(2105, 159, 13, 'Acting'),
(2106, 91, 20, 'Acting'),
(2107, 130, 7, 'Acting'),
(2108, 13, 9, 'Acting'),
(2109, 131, 5, 'Writing'),
(2110, 152, 6, 'Acting'),
(2111, 146, 3, 'Acting'),
(2112, 19, 13, 'Acting'),
(2113, 138, 1, 'Writing'),
(2114, 92, 19, 'Writing'),
(2115, 28, 4, 'Acting'),
(2116, 14, 20, 'Writing'),
(2117, 179, 18, 'Acting'),
(2118, 148, 16, 'Directing'),
(2119, 203, 3, 'Acting'),
(2120, 8, 14, 'Directing'),
(2121, 20, 8, 'Acting'),
(2122, 149, 15, 'Acting'),
(2123, 210, 6, 'Directing'),
(2124, 174, 18, 'Directing'),
(2125, 41, 6, 'Directing'),
(2126, 155, 1, 'Acting'),
(2127, 84, 15, 'Acting'),
(2128, 83, 8, 'Directing'),
(2129, 129, 20, 'Writing'),
(2130, 50, 6, 'Acting'),
(2131, 132, 16, 'Acting'),
(2132, 170, 6, 'Acting'),
(2133, 207, 13, 'Directing'),
(2134, 173, 16, 'Acting'),
(2135, 74, 18, 'Writing'),
(2136, 217, 13, 'Acting'),
(2137, 132, 4, 'Directing'),
(2138, 86, 7, 'Directing'),
(2139, 180, 17, 'Directing'),
(2140, 202, 20, 'Directing'),
(2141, 60, 14, 'Directing'),
(2142, 72, 14, 'Writing'),
(2143, 132, 17, 'Directing'),
(2144, 6, 8, 'Acting'),
(2145, 12, 2, 'Acting'),
(2146, 99, 14, 'Acting'),
(2147, 128, 17, 'Acting'),
(2148, 176, 13, 'Acting'),
(2149, 27, 12, 'Writing'),
(2150, 95, 19, 'Directing'),
(2151, 217, 3, 'Acting'),
(2152, 96, 10, 'Directing'),
(2153, 14, 6, 'Directing'),
(2154, 188, 17, 'Writing'),
(2155, 174, 6, 'Writing'),
(2156, 81, 4, 'Acting'),
(2157, 70, 7, 'Directing'),
(2158, 25, 19, 'Writing'),
(2159, 78, 6, 'Acting'),
(2160, 203, 1, 'Writing'),
(2161, 159, 8, 'Directing'),
(2162, 157, 9, 'Acting'),
(2163, 6, 19, 'Acting'),
(2164, 29, 10, 'Writing'),
(2165, 218, 5, 'Writing'),
(2166, 31, 8, 'Directing'),
(2167, 9, 8, 'Directing'),
(2168, 225, 3, 'Directing'),
(2169, 90, 5, 'Directing'),
(2170, 173, 14, 'Acting'),
(2171, 71, 19, 'Directing'),
(2172, 33, 19, 'Acting'),
(2173, 137, 8, 'Directing'),
(2174, 183, 20, 'Acting'),
(2175, 210, 19, 'Acting'),
(2176, 37, 17, 'Writing'),
(2177, 129, 11, 'Acting'),
(2178, 14, 17, 'Writing'),
(2179, 27, 7, 'Acting'),
(2180, 84, 19, 'Writing'),
(2181, 89, 6, 'Acting'),
(2182, 35, 20, 'Directing'),
(2183, 63, 19, 'Acting'),
(2184, 153, 2, 'Directing'),
(2185, 193, 17, 'Acting'),
(2186, 85, 2, 'Writing'),
(2187, 178, 12, 'Directing'),
(2188, 54, 20, 'Writing'),
(2189, 160, 8, 'Directing'),
(2190, 214, 15, 'Acting'),
(2191, 158, 6, 'Acting'),
(2192, 220, 8, 'Directing'),
(2193, 29, 8, 'Acting'),
(2194, 199, 11, 'Acting'),
(2195, 14, 16, 'Writing'),
(2196, 52, 16, 'Acting'),
(2197, 197, 19, 'Writing'),
(2198, 156, 1, 'Acting'),
(2199, 25, 11, 'Writing'),
(2200, 58, 8, 'Acting'),
(2201, 176, 12, 'Acting'),
(2202, 186, 11, 'Acting'),
(2203, 3, 16, 'Writing'),
(2204, 218, 8, 'Directing'),
(2205, 177, 10, 'Acting'),
(2206, 55, 13, 'Acting'),
(2207, 69, 20, 'Acting'),
(2208, 74, 6, 'Directing'),
(2209, 184, 4, 'Writing'),
(2210, 34, 1, 'Directing'),
(2211, 62, 14, 'Directing'),
(2212, 144, 17, 'Acting'),
(2213, 133, 19, 'Acting'),
(2214, 50, 12, 'Acting'),
(2215, 78, 1, 'Acting'),
(2216, 141, 2, 'Acting'),
(2217, 99, 17, 'Acting'),
(2218, 49, 7, 'Directing'),
(2219, 42, 1, 'Directing'),
(2220, 226, 7, 'Acting'),
(2221, 43, 1, 'Acting'),
(2222, 77, 16, 'Acting'),
(2223, 33, 1, 'Directing'),
(2224, 183, 13, 'Directing'),
(2225, 73, 9, 'Acting'),
(2226, 95, 13, 'Writing'),
(2227, 142, 17, 'Directing'),
(2228, 54, 18, 'Directing'),
(2229, 188, 15, 'Writing'),
(2230, 28, 6, 'Directing'),
(2231, 222, 4, 'Directing'),
(2232, 25, 5, 'Directing'),
(2233, 173, 20, 'Acting'),
(2234, 154, 19, 'Acting'),
(2235, 93, 9, 'Directing'),
(2236, 74, 1, 'Directing'),
(2237, 206, 18, 'Directing'),
(2238, 222, 3, 'Writing'),
(2239, 22, 9, 'Acting'),
(2240, 207, 5, 'Writing'),
(2241, 193, 1, 'Directing'),
(2242, 181, 11, 'Acting'),
(2243, 159, 9, 'Directing'),
(2244, 130, 10, 'Directing'),
(2245, 60, 5, 'Acting'),
(2246, 22, 3, 'Directing'),
(2247, 75, 7, 'Directing'),
(2248, 164, 6, 'Acting'),
(2249, 199, 3, 'Acting'),
(2250, 192, 6, 'Acting'),
(2251, 64, 14, 'Directing'),
(2252, 45, 13, 'Directing'),
(2253, 219, 13, 'Writing'),
(2254, 212, 18, 'Acting'),
(2255, 190, 4, 'Directing'),
(2256, 56, 6, 'Directing'),
(2257, 40, 9, 'Acting'),
(2258, 187, 2, 'Writing'),
(2259, 162, 9, 'Acting'),
(2260, 136, 12, 'Acting'),
(2261, 43, 2, 'Acting'),
(2262, 30, 13, 'Directing'),
(2263, 200, 10, 'Acting'),
(2264, 214, 10, 'Acting'),
(2265, 183, 15, 'Acting'),
(2266, 171, 6, 'Acting'),
(2267, 18, 7, 'Acting'),
(2268, 80, 12, 'Acting'),
(2269, 189, 12, 'Acting'),
(2270, 162, 8, 'Directing'),
(2271, 191, 13, 'Directing'),
(2272, 195, 15, 'Directing'),
(2273, 176, 6, 'Directing'),
(2274, 188, 7, 'Directing'),
(2275, 35, 7, 'Writing'),
(2276, 149, 18, 'Acting'),
(2277, 187, 5, 'Directing'),
(2278, 204, 19, 'Acting'),
(2279, 51, 1, 'Acting'),
(2280, 191, 8, 'Directing'),
(2281, 221, 19, 'Acting'),
(2282, 78, 14, 'Directing'),
(2283, 135, 9, 'Writing'),
(2284, 136, 1, 'Acting'),
(2285, 40, 5, 'Directing'),
(2286, 36, 15, 'Acting'),
(2287, 177, 11, 'Acting'),
(2288, 57, 14, 'Directing'),
(2289, 43, 7, 'Directing'),
(2290, 164, 3, 'Directing'),
(2291, 208, 5, 'Writing'),
(2292, 225, 12, 'Acting'),
(2293, 31, 19, 'Directing'),
(2294, 171, 17, 'Acting'),
(2295, 88, 19, 'Acting'),
(2296, 143, 1, 'Acting'),
(2297, 170, 10, 'Acting'),
(2298, 71, 11, 'Acting'),
(2299, 129, 2, 'Acting'),
(2300, 97, 17, 'Acting'),
(2301, 159, 16, 'Acting'),
(2302, 137, 10, 'Acting'),
(2303, 64, 3, 'Directing'),
(2304, 199, 1, 'Directing'),
(2305, 2, 5, 'Writing'),
(2306, 49, 6, 'Directing'),
(2307, 20, 10, 'Directing'),
(2308, 36, 11, 'Directing'),
(2309, 12, 16, 'Acting'),
(2310, 181, 17, 'Directing'),
(2311, 198, 13, 'Directing'),
(2312, 41, 8, 'Directing'),
(2313, 56, 17, 'Acting'),
(2314, 157, 15, 'Acting'),
(2315, 187, 17, 'Acting'),
(2316, 21, 8, 'Writing'),
(2317, 191, 20, 'Directing'),
(2318, 33, 16, 'Directing'),
(2319, 137, 16, 'Acting'),
(2320, 130, 20, 'Acting'),
(2321, 63, 5, 'Acting'),
(2322, 7, 12, 'Acting'),
(2323, 216, 19, 'Acting'),
(2324, 158, 7, 'Directing'),
(2325, 192, 10, 'Acting'),
(2326, 23, 19, 'Directing'),
(2327, 215, 12, 'Acting'),
(2328, 140, 16, 'Acting'),
(2329, 157, 11, 'Acting'),
(2330, 97, 12, 'Directing'),
(2331, 47, 6, 'Acting'),
(2332, 37, 19, 'Writing'),
(2333, 21, 7, 'Acting'),
(2334, 41, 19, 'Acting'),
(2335, 193, 18, 'Directing'),
(2336, 86, 8, 'Acting'),
(2337, 192, 13, 'Acting'),
(2338, 162, 16, 'Writing'),
(2339, 23, 20, 'Acting'),
(2340, 154, 18, 'Acting'),
(2341, 160, 20, 'Writing'),
(2342, 135, 10, 'Acting'),
(2343, 202, 11, 'Directing'),
(2344, 5, 11, 'Acting'),
(2345, 95, 10, 'Directing'),
(2346, 39, 1, 'Directing'),
(2347, 166, 10, 'Acting'),
(2348, 35, 19, 'Acting'),
(2349, 161, 14, 'Directing'),
(2350, 185, 1, 'Directing'),
(2351, 203, 11, 'Acting'),
(2352, 46, 15, 'Writing'),
(2353, 144, 8, 'Directing'),
(2354, 200, 20, 'Directing'),
(2355, 80, 9, 'Acting'),
(2356, 51, 8, 'Acting'),
(2357, 194, 13, 'Acting'),
(2358, 95, 14, 'Acting'),
(2359, 2, 1, 'Directing'),
(2360, 188, 20, 'Directing'),
(2361, 31, 6, 'Writing'),
(2362, 47, 16, 'Directing'),
(2363, 144, 6, 'Writing'),
(2364, 190, 5, 'Acting'),
(2365, 130, 5, 'Acting'),
(2366, 61, 15, 'Directing'),
(2367, 63, 14, 'Directing'),
(2368, 138, 18, 'Writing'),
(2369, 172, 10, 'Acting'),
(2370, 12, 9, 'Acting'),
(2371, 28, 5, 'Acting'),
(2372, 186, 6, 'Directing'),
(2373, 196, 7, 'Writing'),
(2374, 56, 2, 'Acting'),
(2375, 151, 9, 'Acting'),
(2376, 19, 15, 'Writing'),
(2377, 217, 10, 'Writing'),
(2378, 16, 1, 'Writing'),
(2379, 64, 1, 'Directing'),
(2380, 137, 4, 'Writing'),
(2381, 25, 15, 'Writing'),
(2382, 82, 18, 'Writing'),
(2383, 130, 2, 'Acting'),
(2384, 74, 15, 'Acting'),
(2385, 191, 18, 'Acting'),
(2386, 92, 6, 'Writing'),
(2387, 189, 13, 'Acting'),
(2388, 151, 11, 'Acting'),
(2389, 55, 8, 'Directing'),
(2390, 218, 15, 'Acting'),
(2391, 56, 4, 'Acting'),
(2392, 140, 8, 'Writing'),
(2393, 42, 8, 'Writing'),
(2394, 187, 12, 'Writing'),
(2395, 85, 10, 'Acting'),
(2396, 202, 3, 'Writing'),
(2397, 57, 10, 'Directing'),
(2398, 1, 13, 'Directing'),
(2399, 153, 15, 'Directing'),
(2400, 166, 11, 'Directing'),
(2401, 30, 3, 'Directing'),
(2402, 5, 14, 'Acting'),
(2403, 33, 8, 'Acting'),
(2404, 59, 12, 'Directing'),
(2405, 142, 12, 'Directing'),
(2406, 64, 16, 'Acting'),
(2407, 138, 9, 'Acting'),
(2408, 36, 1, 'Directing'),
(2409, 49, 13, 'Acting'),
(2410, 214, 8, 'Acting'),
(2411, 90, 13, 'Writing'),
(2412, 129, 12, 'Acting'),
(2413, 160, 3, 'Acting'),
(2414, 157, 6, 'Writing'),
(2415, 65, 17, 'Acting'),
(2416, 91, 4, 'Acting'),
(2417, 165, 5, 'Writing'),
(2418, 204, 12, 'Acting'),
(2419, 40, 13, 'Writing'),
(2420, 59, 1, 'Acting'),
(2421, 27, 13, 'Directing'),
(2422, 217, 17, 'Acting'),
(2423, 198, 8, 'Directing'),
(2424, 217, 5, 'Writing'),
(2425, 188, 19, 'Directing'),
(2426, 204, 17, 'Directing'),
(2427, 99, 18, 'Acting'),
(2428, 96, 3, 'Acting'),
(2429, 146, 7, 'Acting'),
(2430, 31, 14, 'Directing'),
(2431, 56, 19, 'Writing'),
(2432, 145, 1, 'Directing'),
(2433, 225, 5, 'Acting'),
(2434, 31, 13, 'Acting'),
(2435, 139, 12, 'Directing'),
(2436, 222, 14, 'Acting'),
(2437, 193, 20, 'Writing'),
(2438, 210, 20, 'Writing'),
(2439, 147, 14, 'Acting'),
(2440, 2, 14, 'Writing'),
(2441, 131, 8, 'Acting'),
(2442, 198, 15, 'Acting'),
(2443, 34, 15, 'Directing'),
(2444, 55, 15, 'Directing'),
(2445, 207, 1, 'Directing'),
(2446, 20, 18, 'Acting'),
(2447, 186, 15, 'Acting'),
(2448, 212, 11, 'Writing'),
(2449, 61, 1, 'Writing'),
(2450, 140, 7, 'Writing'),
(2451, 75, 5, 'Directing'),
(2452, 67, 9, 'Directing'),
(2453, 10, 20, 'Acting'),
(2454, 8, 15, 'Acting'),
(2455, 13, 16, 'Acting'),
(2456, 175, 5, 'Acting'),
(2457, 163, 12, 'Directing'),
(2458, 195, 14, 'Acting'),
(2459, 215, 7, 'Acting'),
(2460, 202, 19, 'Acting'),
(2461, 54, 6, 'Acting'),
(2462, 25, 2, 'Directing'),
(2463, 72, 1, 'Acting'),
(2464, 79, 16, 'Directing'),
(2465, 211, 7, 'Acting'),
(2466, 178, 1, 'Writing'),
(2467, 132, 13, 'Acting'),
(2468, 29, 5, 'Acting'),
(2469, 215, 14, 'Acting'),
(2470, 182, 7, 'Directing'),
(2471, 147, 19, 'Acting'),
(2472, 88, 15, 'Acting'),
(2473, 43, 4, 'Writing'),
(2474, 156, 2, 'Writing'),
(2475, 16, 4, 'Acting'),
(2476, 1, 3, 'Acting'),
(2477, 4, 9, 'Acting'),
(2478, 8, 5, 'Acting'),
(2479, 93, 4, 'Acting'),
(2480, 69, 16, 'Acting'),
(2481, 148, 9, 'Directing'),
(2482, 137, 19, 'Writing'),
(2483, 182, 16, 'Acting'),
(2484, 23, 5, 'Acting'),
(2485, 12, 18, 'Acting'),
(2486, 88, 18, 'Acting'),
(2487, 1, 5, 'Acting'),
(2488, 45, 15, 'Acting'),
(2489, 50, 7, 'Acting'),
(2490, 96, 15, 'Acting'),
(2491, 55, 4, 'Acting'),
(2492, 135, 2, 'Writing'),
(2493, 94, 18, 'Acting'),
(2494, 8, 17, 'Acting'),
(2495, 26, 17, 'Directing'),
(2496, 30, 20, 'Acting'),
(2497, 52, 3, 'Writing'),
(2498, 170, 12, 'Directing'),
(2499, 91, 19, 'Directing'),
(2500, 226, 8, 'Directing'),
(2501, 170, 15, 'Directing'),
(2502, 58, 14, 'Writing'),
(2503, 23, 17, 'Writing'),
(2504, 222, 12, 'Acting'),
(2505, 192, 11, 'Writing'),
(2506, 191, 2, 'Writing'),
(2507, 204, 3, 'Acting'),
(2508, 185, 9, 'Acting'),
(2509, 83, 4, 'Acting'),
(2510, 149, 17, 'Acting'),
(2511, 139, 10, 'Acting'),
(2512, 85, 19, 'Acting'),
(2513, 150, 3, 'Acting'),
(2514, 196, 10, 'Directing'),
(2515, 29, 19, 'Writing'),
(2516, 128, 3, 'Acting'),
(2517, 75, 16, 'Directing'),
(2518, 215, 20, 'Writing'),
(2519, 89, 7, 'Directing'),
(2520, 225, 19, 'Directing'),
(2521, 4, 12, 'Directing'),
(2522, 203, 15, 'Acting'),
(2523, 1, 7, 'Acting'),
(2524, 29, 12, 'Writing'),
(2525, 184, 13, 'Writing'),
(2526, 129, 17, 'Acting'),
(2527, 53, 10, 'Acting'),
(2528, 148, 1, 'Acting'),
(2529, 41, 18, 'Writing'),
(2530, 136, 6, 'Directing'),
(2531, 209, 16, 'Directing'),
(2532, 199, 13, 'Acting'),
(2533, 192, 2, 'Directing'),
(2534, 37, 3, 'Directing'),
(2535, 142, 2, 'Acting'),
(2536, 45, 18, 'Acting'),
(2537, 141, 5, 'Directing'),
(2538, 78, 12, 'Acting'),
(2539, 215, 13, 'Writing'),
(2540, 217, 20, 'Directing'),
(2541, 209, 12, 'Directing'),
(2542, 52, 7, 'Acting'),
(2543, 197, 16, 'Acting'),
(2544, 146, 10, 'Acting'),
(2545, 223, 19, 'Acting'),
(2546, 168, 8, 'Acting'),
(2547, 94, 7, 'Writing'),
(2548, 134, 7, 'Acting'),
(2549, 220, 16, 'Acting'),
(2550, 76, 16, 'Directing'),
(2551, 151, 16, 'Acting'),
(2552, 58, 7, 'Writing'),
(2553, 67, 16, 'Directing'),
(2554, 220, 19, 'Acting'),
(2555, 59, 7, 'Acting'),
(2556, 224, 6, 'Acting'),
(2557, 218, 14, 'Directing'),
(2558, 45, 11, 'Directing'),
(2559, 131, 6, 'Acting'),
(2560, 51, 2, 'Acting'),
(2561, 227, 16, 'Writing'),
(2562, 139, 13, 'Acting'),
(2563, 69, 10, 'Acting'),
(2564, 173, 6, 'Acting'),
(2565, 146, 4, 'Acting'),
(2566, 186, 3, 'Acting'),
(2567, 169, 7, 'Acting'),
(2568, 96, 2, 'Acting'),
(2569, 205, 11, 'Directing'),
(2570, 180, 9, 'Acting'),
(2571, 218, 7, 'Directing'),
(2572, 92, 13, 'Directing'),
(2573, 139, 3, 'Acting'),
(2574, 99, 19, 'Acting'),
(2575, 12, 6, 'Acting'),
(2576, 146, 1, 'Directing'),
(2577, 189, 17, 'Acting'),
(2578, 31, 18, 'Acting'),
(2579, 176, 17, 'Acting'),
(2580, 155, 19, 'Acting'),
(2581, 178, 13, 'Writing'),
(2582, 189, 15, 'Acting'),
(2583, 9, 2, 'Acting'),
(2584, 139, 7, 'Directing'),
(2585, 8, 9, 'Acting'),
(2586, 200, 15, 'Acting'),
(2587, 3, 5, 'Acting'),
(2588, 46, 7, 'Directing'),
(2589, 183, 18, 'Writing'),
(2590, 74, 20, 'Directing'),
(2591, 96, 1, 'Directing'),
(2592, 195, 20, 'Writing'),
(2593, 23, 1, 'Directing'),
(2594, 69, 5, 'Directing'),
(2595, 201, 14, 'Writing'),
(2596, 132, 10, 'Writing'),
(2597, 134, 6, 'Acting'),
(2598, 64, 15, 'Acting'),
(2599, 210, 5, 'Directing'),
(2600, 165, 4, 'Acting'),
(2601, 2, 7, 'Acting'),
(2602, 80, 5, 'Writing'),
(2603, 82, 5, 'Directing'),
(2604, 192, 20, 'Writing'),
(2605, 9, 4, 'Acting'),
(2606, 35, 2, 'Acting'),
(2607, 161, 3, 'Acting'),
(2608, 143, 5, 'Writing'),
(2609, 214, 4, 'Acting'),
(2610, 76, 3, 'Acting'),
(2611, 80, 1, 'Acting'),
(2612, 150, 10, 'Writing'),
(2613, 42, 12, 'Writing'),
(2614, 44, 4, 'Writing'),
(2615, 81, 10, 'Acting'),
(2616, 16, 13, 'Acting'),
(2617, 184, 9, 'Acting'),
(2618, 171, 8, 'Writing'),
(2619, 166, 18, 'Writing'),
(2620, 204, 6, 'Acting'),
(2621, 192, 16, 'Directing'),
(2622, 171, 3, 'Writing'),
(2623, 76, 18, 'Directing'),
(2624, 23, 12, 'Acting'),
(2625, 91, 16, 'Directing'),
(2626, 37, 20, 'Acting'),
(2627, 27, 3, 'Acting'),
(2628, 148, 7, 'Acting'),
(2629, 39, 17, 'Writing'),
(2630, 50, 18, 'Directing'),
(2631, 90, 2, 'Directing'),
(2632, 213, 20, 'Writing'),
(2633, 53, 4, 'Writing'),
(2634, 21, 11, 'Acting'),
(2635, 29, 13, 'Writing'),
(2636, 136, 7, 'Acting'),
(2637, 65, 3, 'Writing'),
(2638, 216, 14, 'Directing'),
(2639, 143, 7, 'Acting'),
(2640, 59, 16, 'Acting'),
(2641, 81, 5, 'Writing'),
(2642, 159, 14, 'Acting'),
(2643, 217, 18, 'Acting'),
(2644, 144, 1, 'Acting'),
(2645, 90, 17, 'Directing'),
(2646, 72, 5, 'Directing'),
(2647, 213, 15, 'Directing'),
(2648, 68, 12, 'Acting'),
(2649, 194, 14, 'Acting'),
(2650, 175, 12, 'Directing'),
(2651, 187, 1, 'Acting'),
(2652, 186, 1, 'Acting'),
(2653, 69, 19, 'Writing'),
(2654, 140, 9, 'Acting'),
(2655, 91, 13, 'Directing'),
(2656, 20, 19, 'Acting'),
(2657, 57, 11, 'Directing'),
(2658, 70, 9, 'Acting'),
(2659, 216, 13, 'Writing'),
(2660, 220, 1, 'Writing'),
(2661, 208, 16, 'Directing'),
(2662, 35, 5, 'Writing'),
(2663, 211, 3, 'Directing'),
(2664, 219, 5, 'Acting'),
(2665, 177, 8, 'Acting'),
(2666, 220, 11, 'Acting'),
(2667, 155, 20, 'Writing'),
(2668, 87, 4, 'Writing'),
(2669, 181, 7, 'Directing'),
(2670, 179, 6, 'Directing'),
(2671, 2, 17, 'Writing'),
(2672, 187, 10, 'Writing'),
(2673, 140, 11, 'Acting'),
(2674, 135, 8, 'Acting'),
(2675, 12, 10, 'Acting'),
(2676, 18, 6, 'Directing'),
(2677, 57, 13, 'Directing'),
(2678, 166, 4, 'Acting'),
(2679, 187, 18, 'Directing'),
(2680, 143, 18, 'Directing'),
(2681, 15, 11, 'Acting'),
(2682, 79, 3, 'Writing'),
(2683, 62, 13, 'Acting'),
(2684, 73, 14, 'Directing'),
(2685, 77, 4, 'Acting'),
(2686, 204, 13, 'Acting'),
(2687, 35, 17, 'Acting'),
(2688, 158, 17, 'Directing'),
(2689, 77, 6, 'Directing'),
(2690, 134, 20, 'Writing'),
(2691, 26, 16, 'Directing'),
(2692, 196, 17, 'Acting'),
(2693, 189, 10, 'Directing'),
(2694, 47, 13, 'Acting'),
(2695, 29, 2, 'Writing'),
(2696, 207, 7, 'Writing'),
(2697, 129, 13, 'Acting'),
(2698, 211, 2, 'Acting'),
(2699, 176, 4, 'Acting'),
(2700, 64, 13, 'Acting'),
(2701, 20, 3, 'Acting'),
(2702, 222, 5, 'Directing'),
(2703, 18, 16, 'Acting'),
(2704, 142, 18, 'Writing'),
(2705, 60, 2, 'Writing'),
(2706, 7, 16, 'Acting'),
(2707, 162, 20, 'Directing'),
(2708, 16, 3, 'Directing'),
(2709, 165, 13, 'Directing'),
(2710, 151, 20, 'Writing'),
(2711, 57, 20, 'Directing'),
(2712, 22, 6, 'Acting'),
(2713, 61, 11, 'Directing'),
(2714, 130, 11, 'Acting'),
(2715, 191, 15, 'Writing'),
(2716, 170, 4, 'Acting'),
(2717, 54, 1, 'Writing'),
(2718, 168, 19, 'Acting'),
(2719, 165, 17, 'Acting'),
(2720, 211, 12, 'Acting'),
(2721, 163, 20, 'Acting'),
(2722, 52, 1, 'Writing'),
(2723, 207, 10, 'Acting'),
(2724, 210, 9, 'Acting'),
(2725, 154, 13, 'Writing'),
(2726, 176, 2, 'Writing'),
(2727, 159, 2, 'Acting'),
(2728, 197, 17, 'Acting'),
(2729, 95, 9, 'Directing'),
(2730, 167, 11, 'Acting'),
(2731, 15, 18, 'Directing'),
(2732, 86, 4, 'Acting'),
(2733, 81, 14, 'Directing'),
(2734, 64, 17, 'Acting'),
(2735, 161, 19, 'Acting'),
(2736, 150, 14, 'Directing'),
(2737, 218, 17, 'Acting'),
(2738, 79, 11, 'Writing'),
(2739, 167, 1, 'Acting'),
(2740, 14, 15, 'Directing'),
(2741, 208, 18, 'Acting'),
(2742, 138, 16, 'Directing'),
(2743, 186, 14, 'Writing'),
(2744, 7, 10, 'Acting'),
(2745, 175, 7, 'Acting'),
(2746, 153, 17, 'Acting'),
(2747, 227, 8, 'Acting'),
(2748, 218, 9, 'Acting'),
(2749, 74, 11, 'Acting'),
(2750, 198, 5, 'Acting'),
(2751, 3, 8, 'Acting'),
(2752, 76, 6, 'Acting'),
(2753, 174, 8, 'Directing'),
(2754, 31, 16, 'Acting'),
(2755, 97, 5, 'Acting'),
(2756, 7, 17, 'Acting'),
(2757, 227, 3, 'Acting'),
(2758, 142, 9, 'Acting'),
(2759, 16, 2, 'Acting'),
(2760, 170, 20, 'Acting'),
(2761, 149, 9, 'Acting'),
(2762, 135, 7, 'Acting'),
(2763, 3, 3, 'Directing'),
(2764, 97, 3, 'Acting'),
(2765, 66, 12, 'Acting'),
(2766, 145, 3, 'Acting'),
(2767, 66, 5, 'Acting'),
(2768, 155, 9, 'Directing'),
(2769, 217, 11, 'Acting'),
(2770, 188, 13, 'Acting'),
(2771, 44, 10, 'Acting'),
(2772, 144, 4, 'Directing'),
(2773, 170, 19, 'Directing'),
(2774, 139, 16, 'Acting'),
(2775, 200, 11, 'Directing'),
(2776, 57, 2, 'Acting'),
(2777, 213, 7, 'Acting'),
(2778, 133, 20, 'Acting'),
(2779, 156, 9, 'Acting'),
(2780, 62, 12, 'Acting'),
(2781, 74, 8, 'Acting'),
(2782, 94, 17, 'Directing'),
(2783, 54, 12, 'Acting'),
(2784, 61, 19, 'Directing'),
(2785, 216, 12, 'Directing'),
(2786, 27, 2, 'Writing'),
(2787, 179, 9, 'Directing'),
(2788, 31, 4, 'Directing'),
(2789, 192, 4, 'Acting'),
(2790, 22, 10, 'Acting'),
(2791, 148, 11, 'Acting'),
(2792, 160, 6, 'Directing'),
(2793, 220, 9, 'Writing'),
(2794, 205, 5, 'Acting'),
(2795, 75, 2, 'Writing'),
(2796, 44, 17, 'Directing'),
(2797, 175, 16, 'Acting'),
(2798, 146, 19, 'Acting'),
(2799, 89, 13, 'Acting'),
(2800, 219, 15, 'Acting'),
(2801, 79, 1, 'Acting'),
(2802, 91, 5, 'Acting'),
(2803, 61, 5, 'Acting'),
(2804, 64, 12, 'Acting'),
(2805, 179, 16, 'Writing'),
(2806, 90, 6, 'Directing'),
(2807, 51, 14, 'Acting'),
(2808, 167, 20, 'Writing'),
(2809, 204, 9, 'Acting'),
(2810, 171, 10, 'Acting'),
(2811, 205, 7, 'Acting'),
(2812, 9, 9, 'Directing'),
(2813, 163, 16, 'Writing'),
(2814, 157, 17, 'Acting'),
(2815, 49, 16, 'Directing'),
(2816, 56, 16, 'Directing'),
(2817, 14, 13, 'Writing'),
(2818, 99, 8, 'Writing'),
(2819, 190, 7, 'Directing'),
(2820, 184, 8, 'Directing'),
(2821, 43, 14, 'Writing'),
(2822, 41, 3, 'Acting'),
(2823, 166, 7, 'Acting'),
(2824, 195, 10, 'Acting'),
(2825, 213, 12, 'Acting'),
(2826, 189, 5, 'Acting'),
(2827, 32, 7, 'Acting'),
(2828, 178, 17, 'Writing'),
(2829, 203, 9, 'Acting'),
(2830, 225, 13, 'Acting'),
(2831, 135, 16, 'Acting'),
(2832, 136, 4, 'Acting'),
(2833, 134, 15, 'Acting'),
(2834, 194, 19, 'Acting'),
(2835, 139, 1, 'Acting'),
(2836, 32, 5, 'Directing'),
(2837, 156, 6, 'Acting'),
(2838, 175, 1, 'Acting'),
(2839, 162, 7, 'Directing'),
(2840, 73, 16, 'Acting'),
(2841, 212, 15, 'Acting'),
(2842, 72, 8, 'Directing'),
(2843, 169, 6, 'Acting'),
(2844, 184, 2, 'Acting'),
(2845, 149, 3, 'Directing'),
(2846, 80, 19, 'Writing'),
(2847, 139, 17, 'Acting'),
(2848, 205, 14, 'Acting'),
(2849, 135, 19, 'Acting'),
(2850, 35, 13, 'Writing'),
(2851, 78, 16, 'Acting'),
(2852, 62, 7, 'Acting'),
(2853, 75, 17, 'Directing'),
(2854, 2, 20, 'Acting'),
(2855, 19, 5, 'Acting'),
(2856, 71, 7, 'Directing'),
(2857, 174, 5, 'Acting'),
(2858, 148, 4, 'Acting'),
(2859, 97, 6, 'Acting'),
(2860, 75, 11, 'Directing'),
(2861, 39, 15, 'Acting'),
(2862, 33, 18, 'Directing'),
(2863, 209, 14, 'Acting'),
(2864, 69, 9, 'Acting'),
(2865, 9, 18, 'Directing'),
(2866, 65, 10, 'Acting'),
(2867, 80, 15, 'Directing'),
(2868, 173, 4, 'Writing'),
(2869, 141, 8, 'Acting'),
(2870, 212, 6, 'Acting'),
(2871, 100, 19, 'Directing'),
(2872, 137, 12, 'Writing'),
(2873, 184, 1, 'Acting'),
(2874, 131, 19, 'Directing'),
(2875, 45, 9, 'Acting'),
(2876, 154, 7, 'Directing'),
(2877, 93, 7, 'Acting'),
(2878, 78, 3, 'Acting'),
(2879, 212, 12, 'Directing'),
(2880, 98, 14, 'Acting'),
(2881, 141, 14, 'Writing'),
(2882, 156, 15, 'Acting'),
(2883, 68, 2, 'Acting'),
(2884, 153, 14, 'Directing'),
(2885, 97, 1, 'Directing'),
(2886, 18, 9, 'Acting'),
(2887, 88, 1, 'Directing'),
(2888, 77, 2, 'Directing'),
(2889, 82, 17, 'Acting'),
(2890, 84, 13, 'Acting'),
(2891, 34, 4, 'Acting'),
(2892, 193, 12, 'Directing'),
(2893, 48, 18, 'Writing'),
(2894, 183, 3, 'Acting'),
(2895, 61, 2, 'Writing'),
(2896, 71, 4, 'Directing'),
(2897, 78, 2, 'Acting'),
(2898, 68, 14, 'Writing'),
(2899, 77, 5, 'Acting'),
(2900, 195, 9, 'Directing'),
(2901, 170, 7, 'Writing'),
(2902, 52, 6, 'Directing'),
(2903, 215, 19, 'Writing'),
(2904, 129, 4, 'Writing'),
(2905, 149, 14, 'Directing'),
(2906, 72, 2, 'Directing'),
(2907, 99, 10, 'Acting'),
(2908, 36, 10, 'Directing'),
(2909, 138, 17, 'Acting'),
(2910, 190, 12, 'Directing'),
(2911, 43, 5, 'Directing'),
(2912, 17, 9, 'Acting'),
(2913, 84, 18, 'Acting'),
(2914, 75, 4, 'Acting'),
(2915, 197, 14, 'Acting'),
(2916, 184, 19, 'Directing'),
(2917, 174, 16, 'Writing'),
(2918, 166, 3, 'Acting'),
(2919, 9, 19, 'Directing'),
(2920, 178, 20, 'Acting'),
(2921, 12, 17, 'Acting'),
(2922, 143, 6, 'Directing'),
(2923, 201, 13, 'Acting'),
(2924, 195, 17, 'Directing'),
(2925, 66, 19, 'Acting'),
(2926, 18, 2, 'Writing'),
(2927, 160, 2, 'Directing'),
(2928, 138, 10, 'Acting'),
(2929, 187, 14, 'Acting'),
(2930, 207, 16, 'Directing'),
(2931, 137, 1, 'Acting'),
(2932, 193, 4, 'Acting'),
(2933, 5, 9, 'Acting'),
(2934, 182, 12, 'Acting'),
(2935, 194, 1, 'Directing'),
(2936, 79, 9, 'Acting'),
(2937, 165, 16, 'Acting'),
(2938, 185, 12, 'Writing'),
(2939, 69, 17, 'Acting'),
(2940, 132, 11, 'Acting'),
(2941, 58, 10, 'Acting'),
(2942, 177, 14, 'Directing'),
(2943, 156, 17, 'Acting'),
(2944, 221, 3, 'Writing'),
(2945, 212, 10, 'Writing'),
(2946, 197, 20, 'Acting'),
(2947, 91, 17, 'Writing'),
(2948, 184, 18, 'Directing'),
(2949, 95, 11, 'Acting'),
(2950, 164, 19, 'Directing'),
(2951, 38, 4, 'Acting'),
(2952, 39, 10, 'Directing'),
(2953, 20, 16, 'Acting'),
(2954, 174, 3, 'Directing'),
(2955, 178, 18, 'Directing'),
(2956, 172, 15, 'Writing'),
(2957, 154, 4, 'Acting'),
(2958, 197, 4, 'Directing'),
(2959, 70, 1, 'Acting'),
(2960, 7, 11, 'Writing'),
(2961, 68, 11, 'Acting'),
(2962, 43, 8, 'Acting'),
(2963, 138, 4, 'Directing'),
(2964, 23, 7, 'Acting'),
(2965, 142, 5, 'Writing'),
(2966, 46, 17, 'Acting'),
(2967, 144, 12, 'Directing'),
(2968, 152, 4, 'Directing'),
(2969, 155, 3, 'Acting'),
(2970, 3, 15, 'Acting'),
(2971, 226, 19, 'Acting'),
(2972, 197, 3, 'Acting'),
(2973, 155, 18, 'Acting'),
(2974, 97, 10, 'Directing'),
(2975, 146, 13, 'Writing'),
(2976, 19, 6, 'Writing'),
(2977, 171, 18, 'Acting'),
(2978, 32, 11, 'Directing'),
(2979, 56, 12, 'Acting'),
(2980, 156, 5, 'Acting'),
(2981, 86, 2, 'Acting'),
(2982, 128, 18, 'Directing'),
(2983, 170, 16, 'Directing'),
(2984, 27, 1, 'Directing'),
(2985, 185, 19, 'Directing'),
(2986, 142, 16, 'Directing'),
(2987, 174, 12, 'Directing'),
(2988, 17, 11, 'Directing'),
(2989, 148, 12, 'Acting'),
(2990, 143, 19, 'Acting'),
(2991, 5, 10, 'Acting'),
(2992, 172, 7, 'Writing'),
(2993, 204, 8, 'Writing'),
(2994, 83, 7, 'Acting'),
(2995, 149, 5, 'Acting'),
(2996, 35, 11, 'Acting'),
(2997, 207, 2, 'Acting'),
(2998, 68, 1, 'Acting'),
(2999, 62, 9, 'Directing'),
(3000, 128, 7, 'Directing'),
(3001, 92, 2, 'Directing'),
(3002, 96, 11, 'Writing'),
(3003, 172, 8, 'Acting'),
(3004, 186, 13, 'Directing'),
(3005, 198, 6, 'Directing'),
(3006, 147, 20, 'Acting'),
(3007, 72, 3, 'Acting'),
(3008, 7, 9, 'Directing'),
(3009, 177, 16, 'Acting'),
(3010, 87, 15, 'Directing'),
(3011, 173, 3, 'Writing'),
(3012, 198, 2, 'Directing'),
(3013, 142, 8, 'Directing'),
(3014, 183, 19, 'Writing'),
(3015, 172, 14, 'Writing'),
(3016, 86, 19, 'Acting'),
(3017, 219, 11, 'Writing'),
(3018, 11, 19, 'Directing'),
(3019, 95, 15, 'Acting'),
(3020, 188, 11, 'Directing'),
(3021, 94, 15, 'Directing'),
(3022, 176, 20, 'Acting'),
(3023, 80, 20, 'Acting'),
(3024, 71, 17, 'Acting'),
(3025, 148, 6, 'Acting'),
(3026, 15, 17, 'Writing'),
(3027, 26, 15, 'Writing'),
(3028, 195, 19, 'Directing'),
(3029, 84, 1, 'Acting'),
(3030, 80, 10, 'Acting'),
(3031, 5, 18, 'Directing'),
(3032, 223, 4, 'Directing'),
(3033, 157, 20, 'Writing'),
(3034, 21, 6, 'Directing'),
(3035, 60, 16, 'Writing'),
(3036, 34, 20, 'Acting'),
(3037, 69, 4, 'Directing'),
(3038, 53, 6, 'Directing'),
(3039, 59, 17, 'Acting'),
(3040, 146, 6, 'Writing'),
(3041, 42, 3, 'Acting'),
(3042, 75, 14, 'Directing'),
(3043, 179, 8, 'Directing'),
(3044, 36, 3, 'Directing'),
(3045, 33, 20, 'Acting'),
(3046, 179, 7, 'Acting'),
(3047, 2, 2, 'Acting'),
(3048, 222, 11, 'Acting'),
(3049, 1, 19, 'Acting'),
(3050, 219, 20, 'Acting'),
(3051, 144, 11, 'Acting'),
(3052, 37, 14, 'Acting'),
(3053, 29, 17, 'Directing'),
(3054, 201, 16, 'Directing'),
(3055, 164, 7, 'Acting'),
(3056, 132, 9, 'Directing'),
(3057, 50, 19, 'Acting'),
(3058, 167, 5, 'Directing'),
(3059, 92, 1, 'Acting'),
(3060, 196, 12, 'Writing'),
(3061, 58, 19, 'Directing'),
(3062, 205, 10, 'Directing'),
(3063, 180, 7, 'Writing'),
(3064, 52, 15, 'Directing'),
(3065, 85, 7, 'Directing'),
(3066, 152, 16, 'Directing'),
(3067, 148, 8, 'Acting'),
(3068, 16, 6, 'Acting'),
(3069, 128, 15, 'Directing'),
(3070, 176, 11, 'Directing'),
(3071, 81, 17, 'Directing'),
(3072, 53, 5, 'Acting'),
(3073, 97, 8, 'Acting'),
(3074, 19, 19, 'Acting'),
(3075, 180, 5, 'Directing'),
(3076, 89, 15, 'Acting'),
(3077, 92, 10, 'Directing'),
(3078, 45, 10, 'Directing'),
(3079, 214, 14, 'Acting'),
(3080, 131, 16, 'Acting'),
(3081, 191, 7, 'Directing'),
(3082, 7, 20, 'Directing'),
(3083, 161, 12, 'Directing'),
(3084, 5, 20, 'Directing'),
(3085, 178, 8, 'Directing'),
(3086, 217, 7, 'Writing'),
(3087, 163, 3, 'Writing'),
(3088, 136, 16, 'Directing'),
(3089, 13, 12, 'Writing'),
(3090, 24, 8, 'Directing'),
(3091, 160, 1, 'Directing'),
(3092, 57, 5, 'Directing'),
(3093, 97, 2, 'Acting'),
(3094, 209, 1, 'Acting'),
(3095, 74, 3, 'Acting'),
(3096, 130, 1, 'Acting'),
(3097, 210, 1, 'Directing'),
(3098, 63, 8, 'Directing'),
(3099, 182, 8, 'Acting'),
(3100, 163, 10, 'Writing'),
(3101, 43, 3, 'Acting'),
(3102, 190, 10, 'Writing'),
(3103, 184, 16, 'Directing'),
(3104, 133, 10, 'Directing'),
(3105, 37, 1, 'Directing'),
(3106, 174, 17, 'Directing'),
(3107, 139, 6, 'Acting'),
(3108, 25, 12, 'Acting'),
(3109, 174, 4, 'Acting'),
(3110, 140, 18, 'Directing'),
(3111, 26, 10, 'Acting'),
(3112, 151, 13, 'Directing'),
(3113, 163, 8, 'Acting'),
(3114, 168, 5, 'Directing'),
(3115, 223, 20, 'Directing'),
(3116, 17, 6, 'Acting'),
(3117, 212, 13, 'Directing'),
(3118, 218, 6, 'Acting'),
(3119, 61, 4, 'Acting'),
(3120, 191, 10, 'Directing'),
(3121, 20, 5, 'Writing'),
(3122, 135, 18, 'Acting'),
(3123, 45, 4, 'Directing'),
(3124, 156, 7, 'Directing'),
(3125, 211, 9, 'Directing'),
(3126, 224, 11, 'Directing'),
(3127, 207, 18, 'Directing'),
(3128, 53, 9, 'Directing'),
(3129, 176, 15, 'Directing'),
(3130, 52, 11, 'Directing'),
(3131, 173, 19, 'Writing'),
(3132, 21, 3, 'Acting'),
(3133, 24, 6, 'Acting'),
(3134, 167, 17, 'Directing'),
(3135, 212, 1, 'Directing'),
(3136, 130, 14, 'Acting'),
(3137, 163, 17, 'Acting'),
(3138, 162, 6, 'Acting'),
(3139, 133, 17, 'Acting'),
(3140, 224, 14, 'Acting'),
(3141, 132, 5, 'Directing'),
(3142, 221, 14, 'Acting'),
(3143, 42, 9, 'Acting'),
(3144, 184, 5, 'Writing'),
(3145, 130, 4, 'Directing'),
(3146, 133, 18, 'Writing'),
(3147, 158, 11, 'Acting'),
(3148, 213, 3, 'Writing'),
(3149, 150, 5, 'Writing'),
(3150, 132, 15, 'Directing'),
(3151, 27, 17, 'Directing'),
(3152, 202, 1, 'Acting'),
(3153, 5, 19, 'Acting'),
(3154, 131, 3, 'Acting'),
(3155, 194, 7, 'Directing'),
(3156, 180, 20, 'Acting'),
(3157, 139, 5, 'Acting'),
(3158, 214, 20, 'Directing'),
(3159, 10, 17, 'Directing'),
(3160, 74, 4, 'Directing'),
(3161, 36, 13, 'Directing'),
(3162, 11, 9, 'Acting'),
(3163, 185, 11, 'Acting'),
(3164, 168, 16, 'Directing'),
(3165, 160, 11, 'Directing'),
(3166, 133, 15, 'Directing'),
(3167, 11, 12, 'Directing'),
(3168, 64, 19, 'Acting'),
(3169, 36, 9, 'Directing'),
(3170, 98, 9, 'Writing'),
(3171, 16, 19, 'Acting'),
(3172, 208, 3, 'Directing'),
(3173, 162, 11, 'Directing'),
(3174, 30, 2, 'Acting'),
(3175, 40, 6, 'Acting'),
(3176, 79, 13, 'Acting'),
(3177, 225, 15, 'Directing'),
(3178, 24, 19, 'Directing'),
(3179, 182, 5, 'Acting'),
(3180, 200, 14, 'Writing'),
(3181, 63, 3, 'Directing'),
(3182, 14, 7, 'Acting'),
(3183, 76, 15, 'Directing'),
(3184, 208, 11, 'Acting'),
(3185, 148, 15, 'Directing'),
(3186, 161, 7, 'Acting'),
(3187, 174, 19, 'Directing'),
(3188, 84, 3, 'Acting'),
(3189, 151, 8, 'Directing'),
(3190, 31, 20, 'Directing'),
(3191, 131, 10, 'Directing'),
(3192, 55, 10, 'Directing'),
(3193, 68, 17, 'Acting'),
(3194, 7, 15, 'Acting'),
(3195, 202, 17, 'Directing'),
(3196, 181, 9, 'Acting'),
(3197, 5, 1, 'Directing'),
(3198, 136, 3, 'Acting'),
(3199, 177, 17, 'Directing'),
(3200, 12, 12, 'Acting'),
(3201, 87, 11, 'Directing'),
(3202, 136, 17, 'Directing'),
(3203, 99, 20, 'Directing'),
(3204, 86, 18, 'Directing'),
(3205, 54, 17, 'Acting'),
(3206, 73, 2, 'Directing'),
(3207, 183, 7, 'Directing'),
(3208, 32, 12, 'Directing'),
(3209, 170, 18, 'Writing'),
(3210, 46, 19, 'Directing'),
(3211, 60, 10, 'Directing'),
(3212, 189, 11, 'Acting'),
(3213, 54, 8, 'Acting'),
(3214, 61, 18, 'Directing'),
(3215, 156, 12, 'Directing'),
(3216, 146, 9, 'Acting'),
(3217, 206, 6, 'Acting'),
(3218, 196, 8, 'Writing'),
(3219, 25, 20, 'Directing'),
(3220, 151, 5, 'Directing'),
(3221, 27, 9, 'Acting'),
(3222, 145, 13, 'Directing'),
(3223, 218, 4, 'Directing'),
(3224, 159, 18, 'Writing'),
(3225, 196, 5, 'Acting'),
(3226, 198, 1, 'Acting'),
(3227, 69, 3, 'Acting'),
(3228, 142, 4, 'Acting'),
(3229, 223, 10, 'Directing'),
(3230, 131, 13, 'Acting'),
(3231, 77, 18, 'Writing'),
(3232, 34, 19, 'Acting'),
(3233, 162, 15, 'Directing'),
(3234, 211, 8, 'Acting'),
(3235, 26, 8, 'Acting'),
(3236, 84, 9, 'Directing'),
(3237, 39, 6, 'Directing'),
(3238, 186, 16, 'Acting'),
(3239, 144, 3, 'Directing'),
(3240, 38, 1, 'Directing'),
(3241, 65, 13, 'Acting'),
(3242, 94, 16, 'Directing'),
(3243, 82, 15, 'Acting'),
(3244, 213, 14, 'Directing'),
(3245, 205, 19, 'Acting'),
(3246, 162, 2, 'Directing'),
(3247, 51, 5, 'Directing'),
(3248, 13, 19, 'Acting'),
(3249, 75, 9, 'Acting'),
(3250, 179, 5, 'Directing'),
(3251, 128, 6, 'Directing'),
(3252, 99, 5, 'Directing'),
(3253, 29, 14, 'Acting'),
(3254, 211, 18, 'Acting'),
(3255, 60, 18, 'Writing'),
(3256, 49, 12, 'Acting'),
(3257, 55, 2, 'Directing'),
(3258, 91, 6, 'Directing'),
(3259, 60, 17, 'Directing'),
(3260, 19, 2, 'Writing'),
(3261, 9, 3, 'Acting'),
(3262, 160, 4, 'Acting'),
(3263, 181, 15, 'Directing'),
(3264, 80, 14, 'Directing'),
(3265, 177, 9, 'Directing'),
(3266, 8, 4, 'Writing'),
(3267, 174, 1, 'Directing'),
(3268, 218, 1, 'Directing'),
(3269, 79, 15, 'Acting'),
(3270, 89, 11, 'Acting'),
(3271, 160, 12, 'Directing'),
(3272, 92, 4, 'Acting'),
(3273, 1, 4, 'Writing'),
(3274, 19, 7, 'Directing'),
(3275, 11, 18, 'Writing'),
(3276, 196, 3, 'Acting'),
(3277, 65, 11, 'Directing'),
(3278, 147, 6, 'Directing'),
(3279, 166, 13, 'Directing'),
(3280, 39, 9, 'Acting'),
(3281, 58, 6, 'Acting'),
(3282, 181, 1, 'Acting'),
(3283, 73, 20, 'Acting'),
(3284, 200, 16, 'Writing'),
(3285, 149, 11, 'Directing'),
(3286, 8, 6, 'Acting'),
(3287, 165, 12, 'Acting'),
(3288, 205, 3, 'Writing'),
(3289, 19, 17, 'Acting'),
(3290, 41, 1, 'Directing'),
(3291, 160, 16, 'Directing'),
(3292, 74, 5, 'Directing'),
(3293, 84, 6, 'Directing'),
(3294, 222, 7, 'Acting'),
(3295, 140, 10, 'Acting'),
(3296, 203, 7, 'Directing'),
(3297, 60, 9, 'Directing'),
(3298, 169, 13, 'Directing'),
(3299, 7, 1, 'Directing'),
(3300, 56, 10, 'Directing'),
(3301, 135, 6, 'Acting'),
(3302, 21, 17, 'Acting'),
(3303, 140, 19, 'Writing'),
(3304, 69, 6, 'Acting'),
(3305, 13, 1, 'Writing'),
(3306, 65, 9, 'Writing'),
(3307, 28, 11, 'Acting'),
(3308, 36, 18, 'Directing'),
(3309, 67, 18, 'Writing'),
(3310, 14, 2, 'Directing'),
(3311, 45, 12, 'Acting'),
(3312, 209, 3, 'Writing'),
(3313, 24, 15, 'Directing'),
(3314, 192, 14, 'Acting'),
(3315, 62, 16, 'Directing'),
(3316, 158, 20, 'Directing'),
(3317, 92, 17, 'Acting'),
(3318, 209, 4, 'Acting'),
(3319, 226, 12, 'Directing'),
(3320, 194, 5, 'Directing'),
(3321, 10, 7, 'Directing'),
(3322, 94, 19, 'Directing'),
(3323, 203, 20, 'Writing'),
(3324, 163, 15, 'Directing'),
(3325, 207, 17, 'Writing'),
(3326, 9, 6, 'Acting'),
(3327, 193, 9, 'Acting'),
(3328, 24, 7, 'Acting'),
(3329, 148, 14, 'Acting'),
(3330, 205, 20, 'Acting'),
(3331, 223, 18, 'Directing'),
(3332, 69, 11, 'Directing'),
(3333, 143, 11, 'Acting'),
(3334, 66, 15, 'Writing'),
(3335, 36, 4, 'Directing'),
(3336, 195, 2, 'Acting'),
(3337, 224, 17, 'Directing'),
(3338, 81, 1, 'Acting'),
(3339, 128, 16, 'Acting'),
(3340, 156, 3, 'Acting'),
(3341, 86, 11, 'Directing'),
(3342, 37, 16, 'Directing'),
(3343, 157, 5, 'Writing'),
(3344, 189, 18, 'Directing'),
(3345, 143, 14, 'Directing'),
(3346, 70, 15, 'Acting'),
(3347, 18, 12, 'Writing'),
(3348, 204, 15, 'Directing'),
(3349, 51, 19, 'Acting'),
(3350, 159, 11, 'Directing'),
(3351, 201, 4, 'Directing'),
(3352, 147, 10, 'Directing'),
(3353, 226, 6, 'Directing'),
(3354, 219, 2, 'Acting'),
(3355, 20, 2, 'Writing'),
(3356, 88, 5, 'Directing'),
(3357, 200, 17, 'Directing'),
(3358, 42, 7, 'Directing'),
(3359, 79, 18, 'Acting'),
(3360, 146, 20, 'Directing'),
(3361, 55, 5, 'Acting'),
(3362, 2, 16, 'Directing'),
(3363, 85, 17, 'Acting'),
(3364, 137, 6, 'Acting'),
(3365, 1, 10, 'Writing'),
(3366, 140, 3, 'Acting'),
(3367, 210, 10, 'Acting'),
(3368, 4, 20, 'Writing'),
(3369, 210, 11, 'Directing'),
(3370, 144, 16, 'Acting'),
(3371, 49, 9, 'Directing'),
(3372, 145, 8, 'Directing'),
(3373, 100, 10, 'Acting'),
(3374, 182, 13, 'Directing'),
(3375, 161, 9, 'Directing'),
(3376, 50, 2, 'Acting'),
(3377, 76, 12, 'Directing'),
(3378, 206, 20, 'Directing'),
(3379, 223, 14, 'Directing'),
(3380, 96, 4, 'Directing'),
(3381, 17, 5, 'Directing'),
(3382, 178, 7, 'Directing'),
(3383, 36, 14, 'Acting'),
(3384, 87, 5, 'Directing'),
(3385, 142, 20, 'Acting'),
(3386, 219, 4, 'Directing'),
(3387, 173, 9, 'Directing'),
(3388, 75, 18, 'Directing'),
(3389, 214, 9, 'Directing'),
(3390, 68, 6, 'Directing'),
(3391, 225, 20, 'Acting'),
(3392, 129, 7, 'Directing'),
(3393, 199, 2, 'Acting'),
(3394, 215, 17, 'Acting'),
(3395, 64, 11, 'Acting'),
(3396, 21, 10, 'Acting'),
(3397, 159, 15, 'Directing'),
(3398, 150, 4, 'Directing'),
(3399, 98, 19, 'Directing'),
(3400, 211, 6, 'Directing'),
(3401, 7, 5, 'Acting'),
(3402, 163, 5, 'Directing'),
(3403, 14, 18, 'Writing'),
(3404, 158, 2, 'Acting'),
(3405, 17, 15, 'Directing'),
(3406, 93, 18, 'Writing'),
(3407, 95, 12, 'Acting'),
(3408, 221, 9, 'Acting'),
(3409, 213, 8, 'Acting'),
(3410, 172, 16, 'Acting'),
(3411, 202, 18, 'Writing'),
(3412, 39, 7, 'Writing'),
(3413, 32, 15, 'Acting'),
(3414, 209, 7, 'Directing'),
(3415, 158, 10, 'Acting'),
(3416, 224, 18, 'Acting'),
(3417, 87, 13, 'Acting'),
(3418, 14, 3, 'Directing'),
(3419, 8, 20, 'Writing'),
(3420, 199, 12, 'Directing'),
(3421, 76, 10, 'Acting'),
(3422, 196, 4, 'Writing'),
(3423, 155, 11, 'Directing'),
(3424, 1, 6, 'Acting'),
(3425, 59, 19, 'Directing'),
(3426, 201, 20, 'Directing'),
(3427, 183, 14, 'Directing'),
(3428, 178, 10, 'Acting'),
(3429, 186, 17, 'Acting'),
(3430, 67, 7, 'Acting'),
(3431, 196, 1, 'Directing'),
(3432, 139, 2, 'Writing'),
(3433, 133, 8, 'Acting'),
(3434, 11, 11, 'Directing'),
(3435, 171, 5, 'Acting'),
(3436, 42, 2, 'Directing'),
(3437, 196, 11, 'Directing'),
(3438, 197, 11, 'Acting'),
(3439, 132, 3, 'Directing'),
(3440, 45, 2, 'Acting'),
(3441, 137, 15, 'Acting'),
(3442, 85, 16, 'Directing'),
(3443, 161, 11, 'Directing'),
(3444, 35, 4, 'Acting'),
(3445, 51, 20, 'Writing'),
(3446, 93, 10, 'Directing'),
(3447, 95, 20, 'Acting'),
(3448, 61, 20, 'Acting'),
(3449, 131, 7, 'Acting'),
(3450, 150, 9, 'Acting'),
(3451, 224, 15, 'Directing'),
(3452, 42, 4, 'Directing'),
(3453, 26, 4, 'Writing'),
(3454, 22, 7, 'Acting'),
(3455, 177, 6, 'Directing'),
(3456, 4, 2, 'Acting'),
(3457, 79, 4, 'Acting'),
(3458, 3, 10, 'Acting'),
(3459, 201, 6, 'Writing'),
(3460, 224, 12, 'Acting'),
(3461, 30, 6, 'Directing'),
(3462, 175, 14, 'Acting'),
(3463, 222, 9, 'Acting'),
(3464, 138, 5, 'Directing'),
(3465, 217, 4, 'Acting'),
(3466, 1, 1, 'Directing'),
(3467, 200, 2, 'Acting'),
(3468, 155, 6, 'Acting'),
(3469, 153, 12, 'Directing'),
(3470, 63, 20, 'Acting'),
(3471, 167, 15, 'Acting'),
(3472, 8, 13, 'Acting'),
(3473, 31, 7, 'Writing'),
(3474, 209, 8, 'Acting'),
(3475, 44, 8, 'Writing'),
(3476, 67, 19, 'Directing'),
(3477, 197, 12, 'Writing'),
(3478, 128, 2, 'Acting'),
(3479, 18, 10, 'Directing'),
(3480, 79, 17, 'Directing'),
(3481, 48, 1, 'Acting'),
(3482, 28, 1, 'Directing'),
(3483, 222, 10, 'Acting'),
(3484, 135, 12, 'Acting'),
(3485, 18, 14, 'Acting'),
(3486, 87, 19, 'Directing'),
(3487, 78, 10, 'Acting'),
(3488, 223, 12, 'Directing'),
(3489, 13, 15, 'Acting'),
(3490, 51, 4, 'Acting'),
(3491, 181, 4, 'Writing'),
(3492, 195, 6, 'Writing'),
(3493, 65, 14, 'Acting'),
(3494, 12, 20, 'Acting'),
(3495, 67, 1, 'Acting'),
(3496, 208, 10, 'Acting'),
(3497, 177, 7, 'Directing'),
(3498, 190, 2, 'Writing'),
(3499, 45, 8, 'Acting'),
(3500, 49, 11, 'Acting'),
(3501, 206, 8, 'Acting'),
(3502, 53, 17, 'Acting'),
(3503, 226, 13, 'Acting'),
(3504, 149, 1, 'Acting'),
(3505, 157, 8, 'Acting'),
(3506, 168, 12, 'Directing'),
(3507, 91, 2, 'Directing'),
(3508, 196, 15, 'Acting'),
(3509, 18, 20, 'Acting'),
(3510, 83, 10, 'Directing'),
(3511, 175, 6, 'Directing'),
(3512, 143, 12, 'Acting'),
(3513, 212, 5, 'Directing'),
(3514, 96, 8, 'Directing'),
(3515, 177, 2, 'Directing'),
(3516, 168, 18, 'Directing'),
(3517, 30, 1, 'Writing'),
(3518, 224, 3, 'Acting'),
(3519, 152, 3, 'Acting'),
(3520, 83, 20, 'Acting'),
(3521, 37, 5, 'Writing'),
(3522, 56, 14, 'Directing'),
(3523, 8, 3, 'Directing'),
(3524, 198, 9, 'Acting'),
(3525, 11, 17, 'Directing'),
(3526, 178, 9, 'Directing'),
(3527, 71, 16, 'Writing'),
(3528, 163, 9, 'Acting'),
(3529, 180, 19, 'Writing'),
(3530, 74, 14, 'Acting'),
(3531, 154, 5, 'Acting'),
(3532, 179, 13, 'Acting'),
(3533, 48, 4, 'Acting'),
(3534, 219, 16, 'Acting'),
(3535, 6, 9, 'Writing'),
(3536, 70, 11, 'Writing'),
(3537, 80, 8, 'Writing'),
(3538, 221, 16, 'Acting'),
(3539, 44, 5, 'Directing'),
(3540, 165, 7, 'Acting'),
(3541, 155, 16, 'Writing'),
(3542, 84, 5, 'Writing'),
(3543, 170, 11, 'Acting'),
(3544, 49, 8, 'Acting'),
(3545, 78, 13, 'Directing'),
(3546, 134, 19, 'Acting'),
(3547, 11, 3, 'Acting'),
(3548, 9, 17, 'Acting'),
(3549, 59, 6, 'Acting'),
(3550, 78, 9, 'Directing'),
(3551, 192, 17, 'Acting'),
(3552, 66, 8, 'Acting'),
(3553, 203, 6, 'Acting'),
(3554, 165, 20, 'Directing'),
(3555, 167, 12, 'Writing'),
(3556, 83, 2, 'Acting'),
(3557, 39, 14, 'Directing'),
(3558, 185, 6, 'Writing'),
(3559, 22, 14, 'Acting'),
(3560, 179, 2, 'Directing'),
(3561, 205, 4, 'Acting'),
(3562, 189, 4, 'Acting'),
(3563, 198, 12, 'Acting'),
(3564, 148, 13, 'Directing'),
(3565, 3, 19, 'Acting'),
(3566, 96, 19, 'Acting'),
(3567, 5, 13, 'Acting'),
(3568, 220, 2, 'Directing'),
(3569, 173, 18, 'Directing'),
(3570, 33, 12, 'Writing'),
(3571, 36, 7, 'Acting'),
(3572, 7, 7, 'Directing'),
(3573, 58, 12, 'Acting'),
(3574, 63, 10, 'Acting'),
(3575, 225, 18, 'Acting'),
(3576, 128, 5, 'Acting'),
(3577, 207, 3, 'Acting'),
(3578, 190, 19, 'Directing'),
(3579, 32, 10, 'Acting'),
(3580, 169, 8, 'Directing'),
(3581, 158, 3, 'Directing'),
(3582, 163, 6, 'Acting'),
(3583, 166, 20, 'Acting'),
(3584, 191, 19, 'Acting'),
(3585, 209, 9, 'Directing'),
(3586, 188, 16, 'Directing'),
(3587, 219, 18, 'Acting'),
(3588, 163, 4, 'Directing'),
(3589, 75, 12, 'Directing'),
(3590, 9, 7, 'Acting'),
(3591, 158, 15, 'Acting'),
(3592, 100, 15, 'Directing'),
(3593, 173, 10, 'Directing'),
(3594, 193, 3, 'Directing'),
(3595, 13, 4, 'Acting'),
(3596, 81, 8, 'Acting'),
(3597, 194, 8, 'Directing'),
(3598, 182, 11, 'Acting'),
(3599, 211, 20, 'Directing'),
(3600, 82, 4, 'Directing'),
(3601, 1, 14, 'Acting'),
(3602, 87, 1, 'Directing'),
(3603, 15, 3, 'Acting'),
(3604, 139, 8, 'Acting'),
(3605, 181, 18, 'Writing'),
(3606, 179, 12, 'Directing'),
(3607, 26, 3, 'Writing'),
(3608, 97, 13, 'Acting'),
(3609, 137, 7, 'Acting'),
(3610, 168, 10, 'Acting'),
(3611, 51, 15, 'Writing'),
(3612, 146, 18, 'Directing'),
(3613, 8, 1, 'Directing'),
(3614, 194, 17, 'Acting'),
(3615, 227, 5, 'Acting'),
(3616, 66, 11, 'Directing'),
(3617, 200, 8, 'Acting'),
(3618, 63, 18, 'Writing'),
(3619, 176, 8, 'Writing'),
(3620, 135, 17, 'Acting'),
(3621, 17, 13, 'Acting'),
(3622, 10, 6, 'Writing'),
(3623, 55, 3, 'Acting'),
(3624, 138, 2, 'Acting'),
(3625, 223, 8, 'Writing'),
(3626, 172, 17, 'Acting'),
(3627, 223, 13, 'Directing'),
(3628, 30, 8, 'Directing'),
(3629, 10, 13, 'Writing'),
(3630, 59, 14, 'Acting'),
(3631, 190, 20, 'Directing'),
(3632, 56, 7, 'Acting'),
(3633, 202, 9, 'Acting'),
(3634, 226, 5, 'Writing'),
(3635, 31, 3, 'Writing'),
(3636, 134, 18, 'Acting'),
(3637, 87, 8, 'Directing'),
(3638, 147, 7, 'Acting'),
(3639, 152, 13, 'Acting'),
(3640, 62, 15, 'Acting'),
(3641, 67, 13, 'Acting'),
(3642, 211, 1, 'Acting'),
(3643, 6, 6, 'Writing'),
(3644, 141, 10, 'Directing'),
(3645, 40, 16, 'Writing'),
(3646, 145, 9, 'Directing'),
(3647, 33, 14, 'Acting'),
(3648, 221, 8, 'Acting'),
(3649, 172, 4, 'Acting'),
(3650, 98, 12, 'Directing'),
(3651, 167, 4, 'Acting'),
(3652, 198, 20, 'Directing'),
(3653, 24, 4, 'Writing'),
(3654, 82, 10, 'Writing'),
(3655, 153, 9, 'Acting'),
(3656, 59, 9, 'Acting'),
(3657, 27, 4, 'Acting'),
(3658, 165, 8, 'Directing'),
(3659, 160, 10, 'Directing'),
(3660, 142, 14, 'Directing'),
(3661, 21, 18, 'Acting'),
(3662, 134, 4, 'Acting'),
(3663, 172, 9, 'Directing'),
(3664, 27, 6, 'Acting'),
(3665, 12, 1, 'Acting'),
(3666, 15, 6, 'Directing'),
(3667, 165, 19, 'Directing'),
(3668, 94, 6, 'Acting'),
(3669, 128, 19, 'Writing'),
(3670, 69, 13, 'Writing'),
(3671, 189, 20, 'Writing'),
(3672, 50, 20, 'Acting'),
(3673, 53, 7, 'Acting'),
(3674, 90, 8, 'Writing'),
(3675, 85, 1, 'Writing'),
(3676, 173, 11, 'Directing'),
(3677, 71, 2, 'Writing'),
(3678, 54, 11, 'Acting'),
(3679, 34, 3, 'Acting'),
(3680, 37, 10, 'Directing'),
(3681, 81, 3, 'Writing'),
(3682, 170, 14, 'Writing'),
(3683, 10, 5, 'Acting'),
(3684, 180, 1, 'Acting'),
(3685, 175, 17, 'Acting'),
(3686, 171, 19, 'Writing'),
(3687, 159, 6, 'Directing'),
(3688, 219, 12, 'Directing'),
(3689, 134, 3, 'Writing'),
(3690, 10, 16, 'Directing'),
(3691, 193, 13, 'Directing'),
(3692, 175, 15, 'Writing'),
(3693, 68, 3, 'Acting'),
(3694, 208, 4, 'Directing'),
(3695, 196, 19, 'Writing'),
(3696, 70, 4, 'Directing'),
(3697, 182, 10, 'Acting'),
(3698, 35, 12, 'Writing'),
(3699, 222, 18, 'Acting'),
(3700, 161, 17, 'Acting'),
(3701, 12, 15, 'Acting'),
(3702, 49, 3, 'Directing'),
(3703, 189, 3, 'Directing'),
(3704, 92, 11, 'Acting'),
(3705, 180, 2, 'Acting'),
(3706, 60, 4, 'Acting'),
(3707, 4, 1, 'Acting'),
(3708, 129, 15, 'Acting'),
(3709, 212, 7, 'Directing'),
(3710, 213, 4, 'Writing'),
(3711, 135, 11, 'Directing'),
(3712, 212, 16, 'Acting'),
(3713, 54, 13, 'Acting'),
(3714, 210, 3, 'Acting'),
(3715, 158, 4, 'Directing'),
(3716, 196, 13, 'Acting'),
(3717, 88, 17, 'Acting'),
(3718, 164, 9, 'Writing'),
(3719, 19, 3, 'Writing'),
(3720, 226, 4, 'Acting'),
(3721, 76, 14, 'Directing'),
(3722, 218, 3, 'Writing'),
(3723, 159, 20, 'Acting'),
(3724, 88, 7, 'Acting'),
(3725, 134, 12, 'Writing'),
(3726, 38, 12, 'Directing'),
(3727, 24, 10, 'Acting'),
(3728, 28, 12, 'Acting'),
(3729, 213, 1, 'Acting'),
(3730, 222, 17, 'Acting'),
(3731, 184, 17, 'Directing'),
(3732, 201, 7, 'Directing'),
(3733, 145, 11, 'Writing'),
(3734, 186, 8, 'Acting'),
(3735, 82, 1, 'Acting'),
(3736, 135, 13, 'Writing'),
(3737, 64, 2, 'Directing'),
(3738, 145, 15, 'Acting'),
(3739, 218, 12, 'Writing'),
(3740, 131, 11, 'Acting'),
(3741, 48, 9, 'Directing'),
(3742, 214, 13, 'Directing'),
(3743, 212, 9, 'Directing'),
(3744, 74, 17, 'Acting'),
(3745, 28, 17, 'Writing'),
(3746, 41, 12, 'Writing'),
(3747, 6, 16, 'Directing'),
(3748, 77, 17, 'Writing'),
(3749, 64, 7, 'Acting'),
(3750, 168, 14, 'Acting'),
(3751, 99, 11, 'Acting'),
(3752, 214, 6, 'Directing'),
(3753, 88, 14, 'Acting'),
(3754, 84, 11, 'Acting'),
(3755, 171, 12, 'Acting'),
(3756, 76, 17, 'Acting'),
(3757, 95, 1, 'Acting'),
(3758, 146, 8, 'Directing'),
(3759, 146, 11, 'Acting'),
(3760, 15, 13, 'Acting'),
(3761, 216, 2, 'Acting'),
(3762, 160, 17, 'Directing'),
(3763, 89, 19, 'Acting'),
(3764, 90, 14, 'Acting'),
(3765, 95, 18, 'Directing'),
(3766, 186, 7, 'Acting'),
(3767, 179, 4, 'Directing'),
(3768, 88, 3, 'Directing'),
(3769, 21, 12, 'Acting'),
(3770, 181, 3, 'Directing'),
(3771, 163, 19, 'Directing'),
(3772, 133, 4, 'Acting'),
(3773, 21, 13, 'Acting'),
(3774, 41, 17, 'Directing'),
(3775, 149, 6, 'Acting'),
(3776, 14, 1, 'Acting'),
(3777, 79, 20, 'Acting'),
(3778, 57, 4, 'Acting'),
(3779, 59, 4, 'Directing'),
(3780, 92, 5, 'Acting'),
(3781, 34, 14, 'Acting'),
(3782, 136, 2, 'Acting'),
(3783, 130, 16, 'Acting'),
(3784, 26, 1, 'Acting'),
(3785, 33, 10, 'Directing'),
(3786, 5, 6, 'Writing'),
(3787, 151, 10, 'Acting'),
(3788, 65, 18, 'Acting'),
(3789, 210, 13, 'Acting'),
(3790, 152, 11, 'Acting'),
(3791, 93, 11, 'Writing'),
(3792, 7, 14, 'Acting'),
(3793, 90, 1, 'Writing'),
(3794, 100, 5, 'Acting'),
(3795, 37, 2, 'Acting'),
(3796, 50, 10, 'Acting'),
(3797, 81, 18, 'Acting'),
(3798, 11, 4, 'Acting'),
(3799, 164, 18, 'Acting'),
(3800, 13, 17, 'Directing'),
(3801, 43, 9, 'Directing'),
(3802, 216, 16, 'Directing'),
(3803, 98, 20, 'Acting'),
(3804, 100, 18, 'Acting'),
(3805, 95, 6, 'Acting'),
(3806, 47, 19, 'Directing'),
(3807, 23, 9, 'Acting'),
(3808, 213, 9, 'Acting'),
(3809, 211, 16, 'Acting'),
(3810, 153, 13, 'Acting'),
(3811, 207, 20, 'Writing'),
(3812, 39, 16, 'Acting'),
(3813, 179, 19, 'Acting'),
(3814, 68, 19, 'Acting'),
(3815, 65, 12, 'Acting'),
(3816, 212, 14, 'Acting'),
(3817, 26, 5, 'Acting'),
(3818, 151, 15, 'Directing'),
(3819, 198, 14, 'Directing'),
(3820, 130, 12, 'Acting'),
(3821, 89, 9, 'Directing'),
(3822, 82, 13, 'Directing'),
(3823, 72, 11, 'Acting'),
(3824, 191, 6, 'Acting'),
(3825, 66, 9, 'Acting'),
(3826, 87, 12, 'Directing'),
(3827, 173, 8, 'Directing'),
(3828, 133, 12, 'Directing'),
(3829, 211, 13, 'Directing'),
(3830, 58, 17, 'Directing'),
(3831, 16, 8, 'Acting'),
(3832, 189, 7, 'Acting'),
(3833, 190, 9, 'Directing'),
(3834, 87, 3, 'Writing'),
(3835, 89, 10, 'Directing'),
(3836, 22, 20, 'Directing'),
(3837, 208, 19, 'Acting'),
(3838, 66, 1, 'Acting'),
(3839, 42, 17, 'Acting'),
(3840, 21, 4, 'Acting'),
(3841, 3, 13, 'Acting'),
(3842, 141, 6, 'Writing'),
(3843, 151, 12, 'Acting'),
(3844, 204, 2, 'Directing'),
(3845, 186, 5, 'Directing'),
(3846, 8, 16, 'Acting'),
(3847, 51, 7, 'Directing'),
(3848, 163, 1, 'Directing'),
(3849, 168, 15, 'Acting'),
(3850, 15, 15, 'Acting'),
(3851, 128, 10, 'Acting'),
(3852, 95, 16, 'Acting'),
(3853, 205, 2, 'Acting'),
(3854, 70, 6, 'Directing'),
(3855, 34, 17, 'Acting'),
(3856, 214, 7, 'Directing'),
(3857, 137, 3, 'Acting'),
(3858, 21, 19, 'Acting'),
(3859, 99, 7, 'Directing'),
(3860, 22, 13, 'Directing'),
(3861, 84, 14, 'Writing'),
(3862, 6, 11, 'Directing'),
(3863, 93, 15, 'Directing'),
(3864, 97, 16, 'Acting'),
(3865, 204, 20, 'Directing'),
(3866, 30, 10, 'Acting'),
(3867, 190, 17, 'Acting'),
(3868, 88, 9, 'Directing'),
(3869, 42, 18, 'Writing'),
(3870, 181, 13, 'Directing'),
(3871, 46, 14, 'Directing'),
(3872, 131, 9, 'Writing'),
(3873, 177, 1, 'Directing'),
(3874, 217, 6, 'Acting'),
(3875, 3, 17, 'Acting'),
(3876, 71, 12, 'Directing'),
(3877, 133, 14, 'Directing'),
(3878, 13, 5, 'Acting'),
(3879, 184, 6, 'Writing'),
(3880, 86, 14, 'Acting'),
(3881, 139, 4, 'Directing'),
(3882, 52, 18, 'Directing'),
(3883, 136, 13, 'Acting'),
(3884, 213, 2, 'Directing'),
(3885, 131, 18, 'Directing'),
(3886, 83, 6, 'Writing'),
(3887, 48, 2, 'Directing'),
(3888, 36, 12, 'Acting'),
(3889, 162, 12, 'Writing'),
(3890, 1, 20, 'Acting'),
(3891, 5, 3, 'Writing'),
(3892, 195, 13, 'Directing'),
(3893, 78, 17, 'Directing'),
(3894, 224, 10, 'Acting'),
(3895, 192, 5, 'Directing'),
(3896, 84, 10, 'Writing'),
(3897, 89, 5, 'Acting'),
(3898, 86, 5, 'Acting'),
(3899, 52, 19, 'Acting'),
(3900, 129, 10, 'Acting'),
(3901, 170, 1, 'Acting'),
(3902, 167, 2, 'Directing'),
(3903, 188, 9, 'Writing'),
(3904, 188, 6, 'Directing'),
(3905, 78, 11, 'Directing'),
(3906, 3, 1, 'Directing'),
(3907, 142, 10, 'Directing'),
(3908, 94, 13, 'Directing'),
(3909, 227, 11, 'Acting'),
(3910, 15, 20, 'Writing'),
(3911, 33, 13, 'Acting'),
(3912, 65, 7, 'Writing'),
(3913, 89, 17, 'Acting'),
(3914, 194, 2, 'Directing'),
(3915, 203, 19, 'Directing'),
(3916, 76, 7, 'Directing'),
(3917, 77, 7, 'Writing'),
(3918, 133, 2, 'Acting'),
(3919, 6, 5, 'Directing'),
(3920, 21, 15, 'Directing'),
(3921, 142, 15, 'Acting'),
(3922, 132, 1, 'Writing'),
(3923, 201, 15, 'Acting'),
(3924, 4, 5, 'Acting'),
(3925, 7, 18, 'Directing'),
(3926, 19, 20, 'Writing'),
(3927, 78, 19, 'Acting'),
(3928, 129, 6, 'Directing'),
(3929, 54, 9, 'Acting'),
(3930, 140, 15, 'Acting'),
(3931, 147, 4, 'Acting'),
(3932, 133, 3, 'Writing'),
(3933, 225, 9, 'Writing'),
(3934, 226, 18, 'Acting'),
(3935, 183, 17, 'Writing'),
(3936, 195, 7, 'Acting'),
(3937, 8, 7, 'Directing'),
(3938, 190, 8, 'Acting'),
(3939, 177, 12, 'Acting'),
(3940, 200, 18, 'Acting'),
(3941, 68, 13, 'Acting'),
(3942, 128, 8, 'Acting'),
(3943, 168, 13, 'Acting'),
(3944, 9, 11, 'Acting'),
(3945, 144, 18, 'Writing'),
(3946, 194, 16, 'Acting'),
(3947, 207, 11, 'Directing'),
(3948, 47, 1, 'Acting'),
(3949, 206, 19, 'Acting'),
(3950, 128, 11, 'Acting'),
(3951, 29, 20, 'Writing'),
(3952, 46, 10, 'Directing'),
(3953, 6, 13, 'Acting'),
(3954, 201, 17, 'Directing'),
(3955, 205, 8, 'Acting'),
(3956, 43, 10, 'Writing'),
(3957, 25, 8, 'Writing'),
(3958, 56, 1, 'Acting'),
(3959, 13, 8, 'Acting'),
(3960, 144, 2, 'Acting'),
(3961, 161, 18, 'Directing'),
(3962, 173, 17, 'Writing'),
(3963, 172, 20, 'Directing'),
(3964, 48, 5, 'Writing'),
(3965, 88, 11, 'Directing'),
(3966, 61, 13, 'Writing'),
(3967, 137, 14, 'Directing'),
(3968, 61, 14, 'Acting'),
(3969, 221, 10, 'Acting'),
(3970, 134, 16, 'Directing'),
(3971, 146, 14, 'Acting'),
(3972, 134, 10, 'Directing'),
(3973, 165, 1, 'Directing'),
(3974, 70, 17, 'Directing'),
(3975, 169, 2, 'Directing'),
(3976, 226, 1, 'Directing'),
(3977, 44, 9, 'Acting'),
(3978, 173, 5, 'Acting'),
(3979, 35, 6, 'Acting'),
(3980, 187, 9, 'Acting'),
(3981, 152, 9, 'Directing'),
(3982, 46, 12, 'Directing'),
(3983, 192, 12, 'Directing'),
(3984, 213, 5, 'Acting'),
(3985, 158, 16, 'Writing'),
(3986, 203, 10, 'Acting'),
(3987, 216, 8, 'Acting'),
(3988, 161, 1, 'Acting'),
(3989, 147, 11, 'Writing'),
(3990, 13, 14, 'Acting'),
(3991, 218, 13, 'Directing'),
(3992, 181, 14, 'Directing'),
(3993, 84, 8, 'Directing'),
(3994, 39, 18, 'Acting'),
(3995, 73, 19, 'Directing'),
(3996, 188, 14, 'Writing'),
(3997, 194, 12, 'Directing'),
(3998, 227, 13, 'Acting'),
(3999, 77, 13, 'Acting'),
(4000, 152, 14, 'Writing');

-- --------------------------------------------------------

--
-- Estructura de tabla para la tabla `devices`
--

CREATE TABLE `devices` (
  `id` int(11) NOT NULL,
  `user_id` int(11) DEFAULT NULL,
  `device_name` varchar(255) DEFAULT NULL,
  `last_active_timestamp` datetime DEFAULT current_timestamp(),
  `token` varchar(255) DEFAULT NULL,
  `register_at` datetime DEFAULT NULL
) ENGINE=InnoDB DEFAULT CHARSET=utf8mb4 COLLATE=utf8mb4_general_ci;

--
-- Volcado de datos para la tabla `devices`
--

INSERT INTO `devices` (`id`, `user_id`, `device_name`, `last_active_timestamp`, `token`, `register_at`) VALUES
(1, 42, 'Lotfi', '2025-05-17 00:29:40', 'fc54aab5b3947932f018', NULL),
(2, 42, 'Lotfi', '2025-05-17 00:29:51', 'b19050742b6df04996e7', NULL),
(3, 42, 'Lotfi', '2025-05-17 10:15:40', '79874082d9aa42cca174984e82fc89aadb469e5821f6ccfff0c917dd1e0db805', NULL),
(4, 41, 'Desconocido - Desconocido', '2025-05-17 18:17:08', '5ee5216be23502bea334f411c6a184d17cb3fce537c4f02a24b886b5024bc850', '2025-05-17 18:17:08'),
(5, 42, 'Windows - WebKit', '2025-05-17 18:18:07', '383927f68c0b70a13fe274d301a18885ce380da86518d0afb4d976a9728b951a', '2025-05-17 18:18:07'),
(6, 42, 'Windows - WebKit', '2025-05-17 18:38:40', 'b6e07169a60e7f27a647d30c7d773d6b9849ad40dcce6779a302c617fbaeb54e', '2025-05-17 18:38:40'),
(7, 41, 'Desconocido - Desconocido', '2025-05-17 20:07:44', '7da36b504ba46de2b036c9093f2067606fd1e676f9edb32a86bedd8e1b9cf2a4', '2025-05-17 20:07:44'),
(8, 42, 'Windows - WebKit', '2025-05-17 20:11:59', 'c8951a66afb5fce1d5af3be8c84be88a973f27f67f38f5929c495d20904a6701', '2025-05-17 20:11:59'),
(9, 41, 'Desconocido - Desconocido', '2025-05-18 22:57:45', '938a8aac7ab9d3cd8d61315d0f46c7146090b8df0ff10a63b1136a4cb3b2dd8f', '2025-05-18 22:57:45'),
(10, 41, 'Desconocido - Desconocido', '2025-05-19 01:23:26', '9b46c26c00d2138196a4bcc490549ea94c88ffef9b9c802b271e7baadf2607d6', '2025-05-19 01:23:26');

-- --------------------------------------------------------

--
-- Estructura de tabla para la tabla `episodes`
--

CREATE TABLE `episodes` (
  `id` int(11) NOT NULL,
  `season_id` int(11) DEFAULT NULL,
  `media_id` int(11) NOT NULL,
  `episode_number` int(11) DEFAULT NULL
) ENGINE=InnoDB DEFAULT CHARSET=utf8mb4 COLLATE=utf8mb4_general_ci;

-- --------------------------------------------------------

--
-- Estructura de tabla para la tabla `generomedia`
--

CREATE TABLE `generomedia` (
  `id` int(11) NOT NULL,
  `media` int(11) NOT NULL,
  `genero` int(11) NOT NULL
) ENGINE=InnoDB DEFAULT CHARSET=utf8mb4 COLLATE=utf8mb4_general_ci;

--
-- Volcado de datos para la tabla `generomedia`
--

INSERT INTO `generomedia` (`id`, `media`, `genero`) VALUES
(1024, 1, 10752),
(1025, 1, 10762),
(1026, 1, 10751),
(1027, 2, 10767),
(1028, 2, 9648),
(1029, 2, 10752),
(1030, 3, 10765),
(1031, 3, 36),
(1032, 3, 28),
(1033, 4, 10767),
(1034, 4, 53),
(1035, 4, 10770),
(1036, 5, 10762),
(1037, 5, 80),
(1038, 5, 36),
(1039, 6, 10749),
(1040, 6, 10767),
(1041, 6, 36),
(1042, 7, 10752),
(1043, 7, 16),
(1044, 7, 10759),
(1045, 8, 80),
(1046, 8, 10767),
(1047, 8, 10402),
(1048, 9, 10762),
(1049, 9, 10759),
(1050, 9, 18),
(1051, 10, 16),
(1052, 10, 27),
(1053, 10, 28),
(1054, 11, 10749),
(1055, 11, 10763),
(1056, 11, 10765),
(1057, 12, 878),
(1058, 12, 27),
(1059, 12, 35),
(1060, 13, 10402),
(1061, 13, 10752),
(1062, 13, 28),
(1063, 14, 27),
(1064, 14, 10767),
(1065, 14, 10766),
(1066, 15, 10765),
(1067, 15, 37),
(1068, 15, 10764),
(1069, 16, 35),
(1070, 16, 878),
(1071, 16, 36),
(1072, 17, 10402),
(1073, 17, 37),
(1074, 17, 35),
(1075, 18, 10762),
(1076, 18, 10752),
(1077, 18, 37),
(1078, 19, 10764),
(1079, 19, 10751),
(1080, 19, 9648),
(1081, 20, 9648),
(1082, 20, 80),
(1083, 20, 878),
(1084, 21, 14),
(1085, 21, 878),
(1086, 21, 27),
(1087, 22, 37),
(1088, 22, 10759),
(1089, 22, 16),
(1090, 23, 10751),
(1091, 23, 18),
(1092, 23, 10762),
(1093, 24, 10762),
(1094, 24, 53),
(1095, 24, 10768),
(1096, 25, 28),
(1097, 25, 10762),
(1098, 25, 36),
(1099, 26, 10751),
(1100, 26, 10767),
(1101, 26, 53),
(1102, 27, 10749),
(1103, 27, 10764),
(1104, 27, 10759),
(1105, 28, 36),
(1106, 28, 35),
(1107, 28, 37),
(1108, 29, 35),
(1109, 29, 53),
(1110, 29, 27),
(1111, 30, 10763),
(1112, 30, 16),
(1113, 30, 10749),
(1114, 31, 10768),
(1115, 31, 10766),
(1116, 31, 10749),
(1117, 32, 35),
(1118, 32, 9648),
(1119, 32, 37),
(1120, 33, 10751),
(1121, 33, 9648),
(1122, 33, 10765),
(1123, 34, 9648),
(1124, 34, 37),
(1125, 34, 27),
(1126, 35, 35),
(1127, 35, 99),
(1128, 35, 10765),
(1129, 36, 53),
(1130, 36, 10752),
(1131, 36, 28),
(1132, 37, 878),
(1133, 37, 37),
(1134, 37, 10759),
(1135, 38, 10770),
(1136, 38, 10762),
(1137, 38, 10766),
(1138, 39, 37),
(1139, 39, 10752),
(1140, 39, 10770),
(1141, 40, 10766),
(1142, 40, 10749),
(1143, 40, 27),
(1144, 41, 80),
(1145, 41, 27),
(1146, 41, 99),
(1147, 42, 9648),
(1148, 42, 37),
(1149, 42, 36),
(1150, 43, 10762),
(1151, 43, 10766),
(1152, 43, 878),
(1153, 44, 10766),
(1154, 44, 878),
(1155, 44, 53),
(1156, 45, 10752),
(1157, 45, 10749),
(1158, 45, 10768),
(1159, 46, 10749),
(1160, 46, 14),
(1161, 46, 10402),
(1162, 47, 10768),
(1163, 47, 10766),
(1164, 47, 16),
(1165, 48, 10751),
(1166, 48, 99),
(1167, 48, 10765),
(1168, 49, 10770),
(1169, 49, 10759),
(1170, 49, 18),
(1171, 50, 16),
(1172, 50, 10763),
(1173, 50, 99),
(1174, 51, 10764),
(1175, 51, 27),
(1176, 51, 16),
(1177, 52, 12),
(1178, 52, 36),
(1179, 52, 35),
(1180, 53, 10770),
(1181, 53, 12),
(1182, 53, 10768),
(1183, 54, 14),
(1184, 54, 12),
(1185, 54, 10762),
(1186, 55, 10767),
(1187, 55, 878),
(1188, 55, 9648),
(1189, 56, 10770),
(1190, 56, 16),
(1191, 56, 10762),
(1192, 57, 14),
(1193, 57, 35),
(1194, 57, 12),
(1195, 58, 10763),
(1196, 58, 35),
(1197, 58, 80),
(1198, 59, 10770),
(1199, 59, 80),
(1200, 59, 10764),
(1201, 60, 10752),
(1202, 60, 53),
(1203, 60, 80),
(1204, 61, 10402),
(1205, 61, 37),
(1206, 61, 10752),
(1207, 62, 10767),
(1208, 62, 14),
(1209, 62, 10762),
(1210, 63, 10752),
(1211, 63, 10765),
(1212, 63, 36),
(1213, 64, 10749),
(1214, 64, 9648),
(1215, 64, 10764),
(1216, 65, 99),
(1217, 65, 16),
(1218, 65, 10767),
(1219, 66, 27),
(1220, 66, 10768),
(1221, 66, 12),
(1222, 67, 878),
(1223, 67, 10767),
(1224, 67, 10763),
(1225, 68, 10763),
(1226, 68, 10770),
(1227, 68, 18),
(1228, 69, 16),
(1229, 69, 878),
(1230, 69, 10749),
(1231, 70, 878),
(1232, 70, 10751),
(1233, 70, 10402),
(1234, 71, 10749),
(1235, 71, 99),
(1236, 71, 10770),
(1237, 72, 18),
(1238, 72, 10752),
(1239, 72, 12),
(1240, 73, 16),
(1241, 73, 27),
(1242, 73, 10752),
(1243, 74, 10765),
(1244, 74, 10766),
(1245, 74, 14),
(1246, 75, 10768),
(1247, 75, 10402),
(1248, 75, 10759),
(1249, 76, 10751),
(1250, 76, 99),
(1251, 76, 10767),
(1252, 77, 10765),
(1253, 77, 99),
(1254, 77, 28),
(1255, 78, 10770),
(1256, 78, 10752),
(1257, 78, 10759),
(1258, 79, 10751),
(1259, 79, 37),
(1260, 79, 27),
(1261, 80, 36),
(1262, 80, 10763),
(1263, 80, 27),
(1264, 81, 10763),
(1265, 81, 16),
(1266, 81, 53),
(1267, 82, 10767),
(1268, 82, 37),
(1269, 82, 9648),
(1270, 83, 36),
(1271, 83, 9648),
(1272, 83, 14),
(1273, 84, 10764),
(1274, 84, 35),
(1275, 84, 10751),
(1276, 85, 10767),
(1277, 85, 12),
(1278, 85, 14),
(1279, 86, 10766),
(1280, 86, 10752),
(1281, 86, 10759),
(1282, 87, 10768),
(1283, 87, 80),
(1284, 87, 10752),
(1285, 88, 10749),
(1286, 88, 12),
(1287, 88, 878),
(1288, 89, 53),
(1289, 89, 10767),
(1290, 89, 18),
(1291, 90, 9648),
(1292, 90, 12),
(1293, 90, 35),
(1294, 91, 37),
(1295, 91, 10765),
(1296, 91, 10770),
(1297, 92, 10770),
(1298, 92, 27),
(1299, 92, 35),
(1300, 93, 10402),
(1301, 93, 16),
(1302, 93, 27),
(1303, 94, 9648),
(1304, 94, 10763),
(1305, 94, 35),
(1306, 95, 99),
(1307, 95, 10765),
(1308, 95, 10766),
(1309, 96, 9648),
(1310, 96, 18),
(1311, 96, 10764),
(1312, 97, 10764),
(1313, 97, 10752),
(1314, 97, 18),
(1315, 98, 10762),
(1316, 98, 10765),
(1317, 98, 10759),
(1318, 99, 10749),
(1319, 99, 10759),
(1320, 99, 16),
(1321, 100, 10764),
(1322, 100, 10749),
(1323, 100, 10759),
(1324, 128, 80),
(1325, 128, 10749),
(1326, 128, 10767),
(1327, 129, 27),
(1328, 129, 10766),
(1329, 129, 10770),
(1330, 130, 10767),
(1331, 130, 10763),
(1332, 130, 18),
(1333, 131, 10762),
(1334, 131, 18),
(1335, 131, 10759),
(1336, 132, 10768),
(1337, 132, 10765),
(1338, 132, 10770),
(1339, 133, 10749),
(1340, 133, 10763),
(1341, 133, 53),
(1342, 134, 9648),
(1343, 134, 10770),
(1344, 134, 37),
(1345, 135, 10764),
(1346, 135, 37),
(1347, 135, 10762),
(1348, 136, 37),
(1349, 136, 10770),
(1350, 136, 99),
(1351, 137, 10768),
(1352, 137, 10764),
(1353, 137, 10763),
(1354, 138, 18),
(1355, 138, 10764),
(1356, 138, 10402),
(1357, 139, 18),
(1358, 139, 36),
(1359, 139, 12),
(1360, 140, 878),
(1361, 140, 36),
(1362, 140, 10763),
(1363, 141, 10765),
(1364, 141, 28),
(1365, 141, 9648),
(1366, 142, 10759),
(1367, 142, 35),
(1368, 142, 10402),
(1369, 143, 9648),
(1370, 143, 10752),
(1371, 143, 27),
(1372, 144, 10759),
(1373, 144, 10764),
(1374, 144, 35),
(1375, 145, 10751),
(1376, 145, 10767),
(1377, 145, 9648),
(1378, 146, 10768),
(1379, 146, 10763),
(1380, 146, 80),
(1381, 147, 18),
(1382, 147, 37),
(1383, 147, 10766),
(1384, 148, 10749),
(1385, 148, 10767),
(1386, 148, 10759),
(1387, 149, 9648),
(1388, 149, 80),
(1389, 149, 99),
(1390, 150, 878),
(1391, 150, 18),
(1392, 150, 10766),
(1393, 151, 10766),
(1394, 151, 10763),
(1395, 151, 10749),
(1396, 152, 10759),
(1397, 152, 10402),
(1398, 152, 10765),
(1399, 153, 18),
(1400, 153, 35),
(1401, 153, 10764),
(1402, 154, 10402),
(1403, 154, 35),
(1404, 154, 99),
(1405, 155, 10751),
(1406, 155, 99),
(1407, 155, 12),
(1408, 156, 99),
(1409, 156, 28),
(1410, 156, 10770),
(1411, 157, 10770),
(1412, 157, 14),
(1413, 157, 10752),
(1414, 158, 36),
(1415, 158, 16),
(1416, 158, 35),
(1417, 159, 10770),
(1418, 159, 10768),
(1419, 159, 10767),
(1420, 160, 16),
(1421, 160, 10749),
(1422, 160, 37),
(1423, 161, 10759),
(1424, 161, 80),
(1425, 161, 28),
(1426, 162, 16),
(1427, 162, 99),
(1428, 162, 18),
(1429, 163, 99),
(1430, 163, 36),
(1431, 163, 35),
(1432, 164, 53),
(1433, 164, 36),
(1434, 164, 27),
(1435, 165, 878),
(1436, 165, 37),
(1437, 165, 35),
(1438, 166, 18),
(1439, 166, 10767),
(1440, 166, 10765),
(1441, 167, 10770),
(1442, 167, 14),
(1443, 167, 10752),
(1444, 168, 14),
(1445, 168, 18),
(1446, 168, 9648),
(1447, 169, 10766),
(1448, 169, 36),
(1449, 169, 10763),
(1450, 170, 28),
(1451, 170, 10759),
(1452, 170, 53),
(1453, 171, 10765),
(1454, 171, 10766),
(1455, 171, 28),
(1456, 172, 12),
(1457, 172, 36),
(1458, 172, 10759),
(1459, 173, 9648),
(1460, 173, 10763),
(1461, 173, 80),
(1462, 174, 10764),
(1463, 174, 10751),
(1464, 174, 99),
(1465, 175, 53),
(1466, 175, 10764),
(1467, 175, 36),
(1468, 176, 99),
(1469, 176, 10764),
(1470, 176, 10759),
(1471, 177, 10759),
(1472, 177, 28),
(1473, 177, 10762),
(1474, 178, 10751),
(1475, 178, 99),
(1476, 178, 10767),
(1477, 179, 27),
(1478, 179, 12),
(1479, 179, 53),
(1480, 180, 37),
(1481, 180, 10765),
(1482, 180, 16),
(1483, 181, 10752),
(1484, 181, 35),
(1485, 181, 10767),
(1486, 182, 12),
(1487, 182, 10765),
(1488, 182, 80),
(1489, 183, 9648),
(1490, 183, 10763),
(1491, 183, 14),
(1492, 184, 10762),
(1493, 184, 28),
(1494, 184, 10768),
(1495, 185, 10751),
(1496, 185, 10770),
(1497, 185, 10764),
(1498, 186, 10770),
(1499, 186, 14),
(1500, 186, 10751),
(1501, 187, 878),
(1502, 187, 14),
(1503, 187, 10770),
(1504, 188, 10751),
(1505, 188, 36),
(1506, 188, 99),
(1507, 189, 28),
(1508, 189, 10762),
(1509, 189, 35),
(1510, 190, 18),
(1511, 190, 28),
(1512, 190, 10765),
(1513, 191, 99),
(1514, 191, 14),
(1515, 191, 878),
(1516, 192, 10402),
(1517, 192, 37),
(1518, 192, 35),
(1519, 193, 27),
(1520, 193, 10764),
(1521, 193, 80),
(1522, 194, 10752),
(1523, 194, 10402),
(1524, 194, 10762),
(1525, 195, 10752),
(1526, 195, 28),
(1527, 195, 36),
(1528, 196, 35),
(1529, 196, 10766),
(1530, 196, 10763),
(1531, 197, 10752),
(1532, 197, 10763),
(1533, 197, 18),
(1534, 198, 35),
(1535, 198, 10762),
(1536, 198, 14),
(1537, 199, 10402),
(1538, 199, 99),
(1539, 199, 9648),
(1540, 200, 28),
(1541, 200, 27),
(1542, 200, 10767),
(1543, 201, 10767),
(1544, 201, 18),
(1545, 201, 10763),
(1546, 202, 10752),
(1547, 202, 10767),
(1548, 202, 10766),
(1549, 203, 16),
(1550, 203, 36),
(1551, 203, 9648),
(1552, 204, 35),
(1553, 204, 99),
(1554, 204, 10763),
(1555, 205, 10765),
(1556, 205, 14),
(1557, 205, 37),
(1558, 206, 10762),
(1559, 206, 16),
(1560, 206, 10764),
(1561, 207, 53),
(1562, 207, 10763),
(1563, 207, 14),
(1564, 208, 10762),
(1565, 208, 80),
(1566, 208, 10763),
(1567, 209, 10752),
(1568, 209, 10402),
(1569, 209, 16),
(1570, 210, 10765),
(1571, 210, 10402),
(1572, 210, 53),
(1573, 211, 14),
(1574, 211, 10770),
(1575, 211, 53),
(1576, 212, 878),
(1577, 212, 53),
(1578, 212, 10763),
(1579, 213, 36),
(1580, 213, 10751),
(1581, 213, 37),
(1582, 214, 10749),
(1583, 214, 35),
(1584, 214, 14),
(1585, 215, 37),
(1586, 215, 10751),
(1587, 215, 10765),
(1588, 216, 10752),
(1589, 216, 10770),
(1590, 216, 10763),
(1591, 217, 35),
(1592, 217, 12),
(1593, 217, 99),
(1594, 218, 10768),
(1595, 218, 10763),
(1596, 218, 10767),
(1597, 219, 36),
(1598, 219, 28),
(1599, 219, 10752),
(1600, 220, 53),
(1601, 220, 35),
(1602, 220, 10763),
(1603, 221, 10764),
(1604, 221, 10749),
(1605, 221, 10762),
(1606, 222, 10767),
(1607, 222, 10764),
(1608, 222, 10768),
(1609, 223, 10765),
(1610, 223, 10759),
(1611, 223, 10402),
(1612, 224, 10765),
(1613, 224, 10749),
(1614, 224, 10762),
(1615, 225, 18),
(1616, 225, 10764),
(1617, 225, 36),
(1618, 226, 10770),
(1619, 226, 10402),
(1620, 226, 99),
(1621, 227, 16),
(1622, 227, 878),
(1623, 227, 36);

-- --------------------------------------------------------

--
-- Estructura de tabla para la tabla `generos`
--

CREATE TABLE `generos` (
  `id` int(11) NOT NULL,
  `nombre_genero` varchar(255) NOT NULL
) ENGINE=InnoDB DEFAULT CHARSET=utf8mb4 COLLATE=utf8mb4_general_ci;

--
-- Volcado de datos para la tabla `generos`
--

INSERT INTO `generos` (`id`, `nombre_genero`) VALUES
(28, 'Acción'),
(10759, 'Action & Adventure'),
(16, 'Animación'),
(12, 'Aventura'),
(10752, 'Bélica'),
(878, 'Ciencia ficción'),
(35, 'Comedia'),
(80, 'Crimen'),
(99, 'Documental'),
(18, 'Drama'),
(10751, 'Familia'),
(14, 'Fantasía'),
(36, 'Historia'),
(10762, 'Kids'),
(9648, 'Misterio'),
(10402, 'Música'),
(10763, 'News'),
(10770, 'Película de TV'),
(10764, 'Reality'),
(10749, 'Romance'),
(10765, 'Sci-Fi & Fantasy'),
(10766, 'Soap'),
(53, 'Suspense'),
(10767, 'Talk'),
(27, 'Terror'),
(10768, 'War & Politics'),
(37, 'Western');

-- --------------------------------------------------------

--
-- Estructura de tabla para la tabla `media`
--

CREATE TABLE `media` (
  `id` int(11) NOT NULL,
  `title` varchar(255) NOT NULL,
  `description` text DEFAULT NULL,
  `release_date` date DEFAULT NULL,
  `tmdb_id` int(11) NOT NULL,
  `type` enum('movie','serie','season','episode') NOT NULL
) ENGINE=InnoDB DEFAULT CHARSET=utf8mb4 COLLATE=utf8mb4_general_ci;

--
-- Volcado de datos para la tabla `media`
--

INSERT INTO `media` (`id`, `title`, `description`, `release_date`, `tmdb_id`, `type`) VALUES
(1, 'Movie 1', 'Description for Movie 1', '2020-05-25', 33827, 'movie'),
(2, 'Movie 2', 'Description for Movie 2', '2020-02-04', 39288, 'movie'),
(3, 'Movie 3', 'Description for Movie 3', '2022-03-21', 82040, 'movie'),
(4, 'Movie 4', 'Description for Movie 4', '2021-05-05', 35184, 'movie'),
(5, 'Movie 5', 'Description for Movie 5', '2021-07-24', 20141, 'movie'),
(6, 'Movie 6', 'Description for Movie 6', '2021-07-26', 66022, 'movie'),
(7, 'Movie 7', 'Description for Movie 7', '2023-09-28', 83170, 'movie'),
(8, 'Movie 8', 'Description for Movie 8', '2021-01-09', 86051, 'movie'),
(9, 'Movie 9', 'Description for Movie 9', '2021-10-25', 76447, 'movie'),
(10, 'Movie 10', 'Description for Movie 10', '2021-04-23', 48050, 'movie'),
(11, 'Movie 11', 'Description for Movie 11', '2020-07-10', 44933, 'movie'),
(12, 'Movie 12', 'Description for Movie 12', '2022-03-09', 61285, 'movie'),
(13, 'Movie 13', 'Description for Movie 13', '2020-10-31', 40022, 'movie'),
(14, 'Movie 14', 'Description for Movie 14', '2020-03-02', 28852, 'movie'),
(15, 'Movie 15', 'Description for Movie 15', '2023-09-07', 98008, 'movie'),
(16, 'Movie 16', 'Description for Movie 16', '2020-07-02', 72510, 'movie'),
(17, 'Movie 17', 'Description for Movie 17', '2020-05-19', 45613, 'movie'),
(18, 'Movie 18', 'Description for Movie 18', '2022-10-05', 34063, 'movie'),
(19, 'Movie 19', 'Description for Movie 19', '2021-01-20', 56681, 'movie'),
(20, 'Movie 20', 'Description for Movie 20', '2023-03-15', 50395, 'movie'),
(21, 'Movie 21', 'Description for Movie 21', '2023-05-13', 87379, 'movie'),
(22, 'Movie 22', 'Description for Movie 22', '2023-02-05', 36670, 'movie'),
(23, 'Movie 23', 'Description for Movie 23', '2020-08-16', 90313, 'movie'),
(24, 'Movie 24', 'Description for Movie 24', '2023-12-20', 35947, 'movie'),
(25, 'Movie 25', 'Description for Movie 25', '2021-11-05', 50164, 'movie'),
(26, 'Movie 26', 'Description for Movie 26', '2023-05-18', 89607, 'movie'),
(27, 'Movie 27', 'Description for Movie 27', '2023-07-21', 81080, 'movie'),
(28, 'Movie 28', 'Description for Movie 28', '2021-02-17', 14072, 'movie'),
(29, 'Movie 29', 'Description for Movie 29', '2021-07-05', 77635, 'movie'),
(30, 'Movie 30', 'Description for Movie 30', '2022-07-01', 88447, 'movie'),
(31, 'Movie 31', 'Description for Movie 31', '2021-12-05', 81778, 'movie'),
(32, 'Movie 32', 'Description for Movie 32', '2022-02-27', 37779, 'movie'),
(33, 'Movie 33', 'Description for Movie 33', '2023-09-08', 71798, 'movie'),
(34, 'Movie 34', 'Description for Movie 34', '2022-08-29', 34167, 'movie'),
(35, 'Movie 35', 'Description for Movie 35', '2021-05-19', 92993, 'movie'),
(36, 'Movie 36', 'Description for Movie 36', '2022-04-18', 19393, 'movie'),
(37, 'Movie 37', 'Description for Movie 37', '2023-03-13', 71518, 'movie'),
(38, 'Movie 38', 'Description for Movie 38', '2020-01-29', 14326, 'movie'),
(39, 'Movie 39', 'Description for Movie 39', '2020-09-21', 78534, 'movie'),
(40, 'Movie 40', 'Description for Movie 40', '2021-01-20', 13224, 'movie'),
(41, 'Movie 41', 'Description for Movie 41', '2021-07-18', 84450, 'movie'),
(42, 'Movie 42', 'Description for Movie 42', '2023-11-25', 45552, 'movie'),
(43, 'Movie 43', 'Description for Movie 43', '2020-03-12', 15441, 'movie'),
(44, 'Movie 44', 'Description for Movie 44', '2020-08-14', 63416, 'movie'),
(45, 'Movie 45', 'Description for Movie 45', '2022-01-03', 75952, 'movie'),
(46, 'Movie 46', 'Description for Movie 46', '2020-08-15', 62347, 'movie'),
(47, 'Movie 47', 'Description for Movie 47', '2021-10-04', 51040, 'movie'),
(48, 'Movie 48', 'Description for Movie 48', '2023-11-01', 48648, 'movie'),
(49, 'Movie 49', 'Description for Movie 49', '2021-01-27', 14965, 'movie'),
(50, 'Movie 50', 'Description for Movie 50', '2021-11-16', 26498, 'movie'),
(51, 'Movie 51', 'Description for Movie 51', '2022-01-10', 98793, 'movie'),
(52, 'Movie 52', 'Description for Movie 52', '2021-08-23', 18604, 'movie'),
(53, 'Movie 53', 'Description for Movie 53', '2020-12-23', 94332, 'movie'),
(54, 'Movie 54', 'Description for Movie 54', '2023-10-20', 94889, 'movie'),
(55, 'Movie 55', 'Description for Movie 55', '2023-06-14', 53913, 'movie'),
(56, 'Movie 56', 'Description for Movie 56', '2023-05-24', 80355, 'movie'),
(57, 'Movie 57', 'Description for Movie 57', '2021-06-11', 51542, 'movie'),
(58, 'Movie 58', 'Description for Movie 58', '2020-11-22', 76102, 'movie'),
(59, 'Movie 59', 'Description for Movie 59', '2020-01-02', 82077, 'movie'),
(60, 'Movie 60', 'Description for Movie 60', '2020-01-03', 64551, 'movie'),
(61, 'Movie 61', 'Description for Movie 61', '2020-02-07', 37782, 'movie'),
(62, 'Movie 62', 'Description for Movie 62', '2021-11-13', 46909, 'movie'),
(63, 'Movie 63', 'Description for Movie 63', '2022-08-05', 11242, 'movie'),
(64, 'Movie 64', 'Description for Movie 64', '2020-06-27', 61419, 'movie'),
(65, 'Movie 65', 'Description for Movie 65', '2021-12-14', 75790, 'movie'),
(66, 'Movie 66', 'Description for Movie 66', '2020-10-01', 77258, 'movie'),
(67, 'Movie 67', 'Description for Movie 67', '2020-09-08', 65797, 'movie'),
(68, 'Movie 68', 'Description for Movie 68', '2022-04-30', 14838, 'movie'),
(69, 'Movie 69', 'Description for Movie 69', '2022-01-30', 49748, 'movie'),
(70, 'Movie 70', 'Description for Movie 70', '2022-08-01', 91687, 'movie'),
(71, 'Movie 71', 'Description for Movie 71', '2022-05-24', 34338, 'movie'),
(72, 'Movie 72', 'Description for Movie 72', '2022-03-22', 97246, 'movie'),
(73, 'Movie 73', 'Description for Movie 73', '2020-09-17', 98652, 'movie'),
(74, 'Movie 74', 'Description for Movie 74', '2021-07-22', 99189, 'movie'),
(75, 'Movie 75', 'Description for Movie 75', '2023-02-23', 96732, 'movie'),
(76, 'Movie 76', 'Description for Movie 76', '2021-10-28', 45226, 'movie'),
(77, 'Movie 77', 'Description for Movie 77', '2022-05-07', 78702, 'movie'),
(78, 'Movie 78', 'Description for Movie 78', '2020-03-20', 98327, 'movie'),
(79, 'Movie 79', 'Description for Movie 79', '2022-12-22', 79905, 'movie'),
(80, 'Movie 80', 'Description for Movie 80', '2022-08-08', 93261, 'movie'),
(81, 'Movie 81', 'Description for Movie 81', '2022-09-08', 62825, 'movie'),
(82, 'Movie 82', 'Description for Movie 82', '2023-09-01', 84329, 'movie'),
(83, 'Movie 83', 'Description for Movie 83', '2021-07-04', 46834, 'movie'),
(84, 'Movie 84', 'Description for Movie 84', '2023-08-27', 40902, 'movie'),
(85, 'Movie 85', 'Description for Movie 85', '2023-11-23', 85633, 'movie'),
(86, 'Movie 86', 'Description for Movie 86', '2021-02-12', 88928, 'movie'),
(87, 'Movie 87', 'Description for Movie 87', '2022-03-08', 18950, 'movie'),
(88, 'Movie 88', 'Description for Movie 88', '2023-06-08', 99700, 'movie'),
(89, 'Movie 89', 'Description for Movie 89', '2021-08-16', 13770, 'movie'),
(90, 'Movie 90', 'Description for Movie 90', '2023-12-16', 84332, 'movie'),
(91, 'Movie 91', 'Description for Movie 91', '2020-08-19', 38390, 'movie'),
(92, 'Movie 92', 'Description for Movie 92', '2020-05-27', 60432, 'movie'),
(93, 'Movie 93', 'Description for Movie 93', '2021-12-27', 82708, 'movie'),
(94, 'Movie 94', 'Description for Movie 94', '2022-03-08', 37585, 'movie'),
(95, 'Movie 95', 'Description for Movie 95', '2023-07-29', 59737, 'movie'),
(96, 'Movie 96', 'Description for Movie 96', '2020-04-26', 76753, 'movie'),
(97, 'Movie 97', 'Description for Movie 97', '2021-11-15', 20694, 'movie'),
(98, 'Movie 98', 'Description for Movie 98', '2020-10-01', 62412, 'movie'),
(99, 'Movie 99', 'Description for Movie 99', '2021-05-23', 99597, 'movie'),
(100, 'Movie 100', 'Description for Movie 100', '2023-09-22', 70646, 'movie'),
(128, 'Serie 1', 'Description for Serie 1', '2012-04-16', 85902, 'serie'),
(129, 'Serie 2', 'Description for Serie 2', '2011-12-28', 96348, 'serie'),
(130, 'Serie 3', 'Description for Serie 3', '2011-03-20', 67501, 'serie'),
(131, 'Serie 4', 'Description for Serie 4', '2011-02-19', 55390, 'serie'),
(132, 'Serie 5', 'Description for Serie 5', '2012-09-03', 84916, 'serie'),
(133, 'Serie 6', 'Description for Serie 6', '2010-08-14', 34903, 'serie'),
(134, 'Serie 7', 'Description for Serie 7', '2013-09-04', 78923, 'serie'),
(135, 'Serie 8', 'Description for Serie 8', '2010-04-15', 15431, 'serie'),
(136, 'Serie 9', 'Description for Serie 9', '2010-05-08', 32874, 'serie'),
(137, 'Serie 10', 'Description for Serie 10', '2010-01-15', 35733, 'serie'),
(138, 'Serie 11', 'Description for Serie 11', '2011-08-08', 23069, 'serie'),
(139, 'Serie 12', 'Description for Serie 12', '2012-02-05', 26712, 'serie'),
(140, 'Serie 13', 'Description for Serie 13', '2011-06-04', 29911, 'serie'),
(141, 'Serie 14', 'Description for Serie 14', '2010-02-27', 57904, 'serie'),
(142, 'Serie 15', 'Description for Serie 15', '2012-03-04', 20997, 'serie'),
(143, 'Serie 16', 'Description for Serie 16', '2013-12-01', 57801, 'serie'),
(144, 'Serie 17', 'Description for Serie 17', '2012-11-12', 99268, 'serie'),
(145, 'Serie 18', 'Description for Serie 18', '2013-03-26', 15901, 'serie'),
(146, 'Serie 19', 'Description for Serie 19', '2013-08-11', 38694, 'serie'),
(147, 'Serie 20', 'Description for Serie 20', '2013-07-15', 52090, 'serie'),
(148, 'Serie 21', 'Description for Serie 21', '2012-09-25', 11478, 'serie'),
(149, 'Serie 22', 'Description for Serie 22', '2010-02-14', 19280, 'serie'),
(150, 'Serie 23', 'Description for Serie 23', '2011-09-12', 83010, 'serie'),
(151, 'Serie 24', 'Description for Serie 24', '2013-02-18', 53696, 'serie'),
(152, 'Serie 25', 'Description for Serie 25', '2010-04-22', 93131, 'serie'),
(153, 'Serie 26', 'Description for Serie 26', '2011-07-24', 26254, 'serie'),
(154, 'Serie 27', 'Description for Serie 27', '2012-12-04', 20650, 'serie'),
(155, 'Serie 28', 'Description for Serie 28', '2011-08-01', 66059, 'serie'),
(156, 'Serie 29', 'Description for Serie 29', '2013-09-16', 79287, 'serie'),
(157, 'Serie 30', 'Description for Serie 30', '2010-04-07', 11927, 'serie'),
(158, 'Serie 31', 'Description for Serie 31', '2013-08-19', 53040, 'serie'),
(159, 'Serie 32', 'Description for Serie 32', '2012-08-29', 90430, 'serie'),
(160, 'Serie 33', 'Description for Serie 33', '2011-11-20', 70831, 'serie'),
(161, 'Serie 34', 'Description for Serie 34', '2013-11-10', 81920, 'serie'),
(162, 'Serie 35', 'Description for Serie 35', '2010-05-26', 19011, 'serie'),
(163, 'Serie 36', 'Description for Serie 36', '2010-10-23', 73932, 'serie'),
(164, 'Serie 37', 'Description for Serie 37', '2013-10-12', 63624, 'serie'),
(165, 'Serie 38', 'Description for Serie 38', '2010-07-28', 93482, 'serie'),
(166, 'Serie 39', 'Description for Serie 39', '2010-11-02', 33563, 'serie'),
(167, 'Serie 40', 'Description for Serie 40', '2012-09-23', 66362, 'serie'),
(168, 'Serie 41', 'Description for Serie 41', '2010-05-03', 58818, 'serie'),
(169, 'Serie 42', 'Description for Serie 42', '2011-11-02', 70286, 'serie'),
(170, 'Serie 43', 'Description for Serie 43', '2013-11-18', 86082, 'serie'),
(171, 'Serie 44', 'Description for Serie 44', '2011-04-04', 13006, 'serie'),
(172, 'Serie 45', 'Description for Serie 45', '2010-11-25', 12378, 'serie'),
(173, 'Serie 46', 'Description for Serie 46', '2011-10-28', 28123, 'serie'),
(174, 'Serie 47', 'Description for Serie 47', '2012-07-21', 62948, 'serie'),
(175, 'Serie 48', 'Description for Serie 48', '2010-02-08', 42910, 'serie'),
(176, 'Serie 49', 'Description for Serie 49', '2012-12-30', 68763, 'serie'),
(177, 'Serie 50', 'Description for Serie 50', '2010-01-22', 20327, 'serie'),
(178, 'Serie 51', 'Description for Serie 51', '2012-02-13', 37342, 'serie'),
(179, 'Serie 52', 'Description for Serie 52', '2013-09-20', 76561, 'serie'),
(180, 'Serie 53', 'Description for Serie 53', '2013-08-17', 38607, 'serie'),
(181, 'Serie 54', 'Description for Serie 54', '2013-06-20', 44476, 'serie'),
(182, 'Serie 55', 'Description for Serie 55', '2011-04-03', 47600, 'serie'),
(183, 'Serie 56', 'Description for Serie 56', '2010-08-06', 54130, 'serie'),
(184, 'Serie 57', 'Description for Serie 57', '2010-01-09', 60079, 'serie'),
(185, 'Serie 58', 'Description for Serie 58', '2013-01-22', 24347, 'serie'),
(186, 'Serie 59', 'Description for Serie 59', '2011-12-31', 11874, 'serie'),
(187, 'Serie 60', 'Description for Serie 60', '2012-06-01', 96493, 'serie'),
(188, 'Serie 61', 'Description for Serie 61', '2013-12-18', 16522, 'serie'),
(189, 'Serie 62', 'Description for Serie 62', '2011-07-22', 75470, 'serie'),
(190, 'Serie 63', 'Description for Serie 63', '2011-11-18', 25253, 'serie'),
(191, 'Serie 64', 'Description for Serie 64', '2011-09-29', 70574, 'serie'),
(192, 'Serie 65', 'Description for Serie 65', '2010-03-24', 33639, 'serie'),
(193, 'Serie 66', 'Description for Serie 66', '2010-07-30', 93972, 'serie'),
(194, 'Serie 67', 'Description for Serie 67', '2010-12-06', 42749, 'serie'),
(195, 'Serie 68', 'Description for Serie 68', '2010-06-27', 56490, 'serie'),
(196, 'Serie 69', 'Description for Serie 69', '2010-11-15', 58570, 'serie'),
(197, 'Serie 70', 'Description for Serie 70', '2010-03-07', 64440, 'serie'),
(198, 'Serie 71', 'Description for Serie 71', '2013-07-23', 67240, 'serie'),
(199, 'Serie 72', 'Description for Serie 72', '2012-01-15', 67606, 'serie'),
(200, 'Serie 73', 'Description for Serie 73', '2012-09-07', 49368, 'serie'),
(201, 'Serie 74', 'Description for Serie 74', '2010-09-09', 59546, 'serie'),
(202, 'Serie 75', 'Description for Serie 75', '2010-12-09', 57075, 'serie'),
(203, 'Serie 76', 'Description for Serie 76', '2013-08-22', 98510, 'serie'),
(204, 'Serie 77', 'Description for Serie 77', '2010-09-29', 98038, 'serie'),
(205, 'Serie 78', 'Description for Serie 78', '2011-05-03', 76149, 'serie'),
(206, 'Serie 79', 'Description for Serie 79', '2012-09-09', 24496, 'serie'),
(207, 'Serie 80', 'Description for Serie 80', '2013-02-21', 50089, 'serie'),
(208, 'Serie 81', 'Description for Serie 81', '2013-06-24', 11234, 'serie'),
(209, 'Serie 82', 'Description for Serie 82', '2011-11-01', 32639, 'serie'),
(210, 'Serie 83', 'Description for Serie 83', '2013-07-11', 69056, 'serie'),
(211, 'Serie 84', 'Description for Serie 84', '2012-07-15', 28324, 'serie'),
(212, 'Serie 85', 'Description for Serie 85', '2010-06-17', 96662, 'serie'),
(213, 'Serie 86', 'Description for Serie 86', '2011-11-18', 51677, 'serie'),
(214, 'Serie 87', 'Description for Serie 87', '2013-08-13', 21916, 'serie'),
(215, 'Serie 88', 'Description for Serie 88', '2013-10-17', 41318, 'serie'),
(216, 'Serie 89', 'Description for Serie 89', '2013-07-27', 47795, 'serie'),
(217, 'Serie 90', 'Description for Serie 90', '2011-09-08', 86261, 'serie'),
(218, 'Serie 91', 'Description for Serie 91', '2013-11-20', 38817, 'serie'),
(219, 'Serie 92', 'Description for Serie 92', '2012-09-25', 51179, 'serie'),
(220, 'Serie 93', 'Description for Serie 93', '2010-12-12', 83051, 'serie'),
(221, 'Serie 94', 'Description for Serie 94', '2011-05-23', 37371, 'serie'),
(222, 'Serie 95', 'Description for Serie 95', '2011-11-28', 52591, 'serie'),
(223, 'Serie 96', 'Description for Serie 96', '2013-09-26', 32902, 'serie'),
(224, 'Serie 97', 'Description for Serie 97', '2011-11-15', 61819, 'serie'),
(225, 'Serie 98', 'Description for Serie 98', '2011-11-26', 68456, 'serie'),
(226, 'Serie 99', 'Description for Serie 99', '2013-04-14', 24304, 'serie'),
(227, 'Serie 100', 'Description for Serie 100', '2011-04-28', 25677, 'serie');

-- --------------------------------------------------------

--
-- Estructura de tabla para la tabla `movies`
--

CREATE TABLE `movies` (
  `id` int(11) NOT NULL,
  `media_id` int(11) NOT NULL
) ENGINE=InnoDB DEFAULT CHARSET=utf8mb4 COLLATE=utf8mb4_general_ci;

--
-- Volcado de datos para la tabla `movies`
--

INSERT INTO `movies` (`id`, `media_id`) VALUES
(100, 1),
(99, 2),
(98, 3),
(97, 4),
(96, 5),
(95, 6),
(94, 7),
(93, 8),
(92, 9),
(91, 10),
(90, 11),
(89, 12),
(88, 13),
(87, 14),
(86, 15),
(85, 16),
(84, 17),
(83, 18),
(82, 19),
(81, 20),
(80, 21),
(79, 22),
(78, 23),
(77, 24),
(76, 25),
(75, 26),
(74, 27),
(73, 28),
(72, 29),
(71, 30),
(70, 31),
(69, 32),
(68, 33),
(67, 34),
(66, 35),
(65, 36),
(64, 37),
(63, 38),
(62, 39),
(61, 40),
(60, 41),
(59, 42),
(58, 43),
(57, 44),
(56, 45),
(55, 46),
(54, 47),
(53, 48),
(52, 49),
(51, 50),
(50, 51),
(49, 52),
(48, 53),
(47, 54),
(46, 55),
(45, 56),
(44, 57),
(43, 58),
(42, 59),
(41, 60),
(40, 61),
(39, 62),
(38, 63),
(37, 64),
(36, 65),
(35, 66),
(34, 67),
(33, 68),
(32, 69),
(31, 70),
(30, 71),
(29, 72),
(28, 73),
(27, 74),
(26, 75),
(25, 76),
(24, 77),
(23, 78),
(22, 79),
(21, 80),
(20, 81),
(19, 82),
(18, 83),
(17, 84),
(16, 85),
(15, 86),
(14, 87),
(13, 88),
(12, 89),
(11, 90),
(10, 91),
(9, 92),
(8, 93),
(7, 94),
(6, 95),
(5, 96),
(4, 97),
(3, 98),
(2, 99),
(1, 100);

-- --------------------------------------------------------

--
-- Estructura de tabla para la tabla `playlists`
--

CREATE TABLE `playlists` (
  `id` int(11) NOT NULL,
  `user_id` int(11) DEFAULT NULL,
  `name` varchar(255) NOT NULL,
  `status` varchar(255) DEFAULT NULL
) ENGINE=InnoDB DEFAULT CHARSET=utf8mb4 COLLATE=utf8mb4_general_ci;

-- --------------------------------------------------------

--
-- Estructura de tabla para la tabla `playlist_items`
--

CREATE TABLE `playlist_items` (
  `id` int(11) NOT NULL,
  `playlist_id` int(11) DEFAULT NULL,
  `media_id` int(11) DEFAULT NULL
) ENGINE=InnoDB DEFAULT CHARSET=utf8mb4 COLLATE=utf8mb4_general_ci;

-- --------------------------------------------------------

--
-- Estructura de tabla para la tabla `reparto`
--

CREATE TABLE `reparto` (
  `id` int(11) NOT NULL,
  `media_id` int(11) NOT NULL,
  `contributor_id` int(11) NOT NULL,
  `character_name` varchar(255) DEFAULT NULL,
  `role` varchar(255) NOT NULL
) ENGINE=InnoDB DEFAULT CHARSET=utf8mb4 COLLATE=utf8mb4_general_ci;

-- --------------------------------------------------------

--
-- Estructura de tabla para la tabla `seasons`
--

CREATE TABLE `seasons` (
  `id` int(11) NOT NULL,
  `series_id` int(11) DEFAULT NULL,
  `media_id` int(11) NOT NULL,
  `season_number` int(11) DEFAULT NULL
) ENGINE=InnoDB DEFAULT CHARSET=utf8mb4 COLLATE=utf8mb4_general_ci;

-- --------------------------------------------------------

--
-- Estructura de tabla para la tabla `series`
--

CREATE TABLE `series` (
  `id` int(11) NOT NULL,
  `media_id` int(11) NOT NULL
) ENGINE=InnoDB DEFAULT CHARSET=utf8mb4 COLLATE=utf8mb4_general_ci;

--
-- Volcado de datos para la tabla `series`
--

INSERT INTO `series` (`id`, `media_id`) VALUES
(100, 128),
(99, 129),
(98, 130),
(97, 131),
(96, 132),
(95, 133),
(94, 134),
(93, 135),
(92, 136),
(91, 137),
(90, 138),
(89, 139),
(88, 140),
(87, 141),
(86, 142),
(85, 143),
(84, 144),
(83, 145),
(82, 146),
(81, 147),
(80, 148),
(79, 149),
(78, 150),
(77, 151),
(76, 152),
(75, 153),
(74, 154),
(73, 155),
(72, 156),
(71, 157),
(70, 158),
(69, 159),
(68, 160),
(67, 161),
(66, 162),
(65, 163),
(64, 164),
(63, 165),
(62, 166),
(61, 167),
(60, 168),
(59, 169),
(58, 170),
(57, 171),
(56, 172),
(55, 173),
(54, 174),
(53, 175),
(52, 176),
(51, 177),
(50, 178),
(49, 179),
(48, 180),
(47, 181),
(46, 182),
(45, 183),
(44, 184),
(43, 185),
(42, 186),
(41, 187),
(40, 188),
(39, 189),
(38, 190),
(37, 191),
(36, 192),
(35, 193),
(34, 194),
(33, 195),
(32, 196),
(31, 197),
(30, 198),
(29, 199),
(28, 200),
(27, 201),
(26, 202),
(25, 203),
(24, 204),
(23, 205),
(22, 206),
(21, 207),
(20, 208),
(19, 209),
(18, 210),
(17, 211),
(16, 212),
(15, 213),
(14, 214),
(13, 215),
(12, 216),
(11, 217),
(10, 218),
(9, 219),
(8, 220),
(7, 221),
(6, 222),
(5, 223),
(4, 224),
(3, 225),
(2, 226),
(1, 227);

-- --------------------------------------------------------

--
-- Estructura de tabla para la tabla `users`
--

CREATE TABLE `users` (
  `id` int(11) NOT NULL,
  `name` varchar(100) NOT NULL,
  `email` varchar(100) NOT NULL,
  `password` varchar(255) NOT NULL,
  `created_at` timestamp NOT NULL DEFAULT current_timestamp()
) ENGINE=InnoDB DEFAULT CHARSET=utf8mb4 COLLATE=utf8mb4_general_ci;

--
-- Volcado de datos para la tabla `users`
--

INSERT INTO `users` (`id`, `name`, `email`, `password`, `created_at`) VALUES
(24, 'Lotfi', 'latifiyates@gmail.com', '$2y$10$9/RF7Kwgnc0BVPyn/jRuXOTYlW88IA.J0cYpYV0hp6Je..i8Ytccm', '2025-04-10 05:04:25'),
(27, 'latifi', 'latifi@gmail.com', '$2y$10$hvtS72R17Gsw5/BUWmWGieyEBVPH6OaG5vQwcZafJiPc9uIZxI8ai', '2025-04-20 02:06:47'),
(28, 'hola', 'hola@gmail.com', '$2y$10$p/pC3Au7DBySC48vWl2ZB.he43CdYMz2pEUWebVG6sEZl/u0Z4adG', '2025-04-21 02:46:20'),
(29, 'eliminame', 'eliminame@gmail.com', '$2y$10$3nzWvW5YsqC1rjgrRlMUCuTjnMq3BlwF9lPJnRIH89KBDp0tYzeG2', '2025-04-22 04:47:39'),
(30, 'testuser', 'holaa@gmail.com', '$2y$10$ghUxu0WDM.SOpz0/ZO6l5ucxRLQ2qlvGgwDYuC3iY5Tb2ytyxHzKO', '2025-05-12 05:25:29'),
(31, 'testuser', 'holaaa@gmail.com', '$2y$10$jrMI/xKHxi.Plq45DIgG2eOJEY7AebRF4vA8MS/NqL1QSdNmwRoje', '2025-05-12 05:25:55'),
(32, 'testuser', 'holaaaa@gmail.com', '$2y$10$AuHbMQ7Hr4pKgagZH4fu4OtdiXVLQ.6i1UppWN7Cqy/7bQ/woLoGW', '2025-05-12 05:27:16'),
(33, 'Hola', 'Holaaaaaaa@gmail.com', '$2y$10$qNHwoS9Ohp11pgLVbpETveQmY7av.jLbszLT153.NhRmK8OVNaenC', '2025-05-12 06:28:04'),
(34, 'Holaaaa', 'holaoaoa@gmail.com', '$2y$10$KIQND0sW7bO2Jrr6XKGcTOIfp.XJv8j6L.OK/2Ybq6.77JWGTGKtO', '2025-05-12 06:31:11'),
(35, 'Holaaaa', 'holaoaoaa@gmail.com', '$2y$10$J1VyeQOKKvYORAhNUM.d.uAniHfwiSfvBipUyIavrfqAjjLpUkNRy', '2025-05-12 06:32:15'),
(36, 'Holaaaa', 'holaoaoaaa@gmail.com', '$2y$10$hYKDNZLct/p6s7LMsbXMqOqRdltjdZuAGHH/ycLDOvS8RIk1FGOMu', '2025-05-12 06:32:44'),
(37, 'Holaaaa', 'holaoaoaaaa@gmail.com', '$2y$10$oY65UQXU.Ls89CFH8EdvpOMUEI.HNP3oZj9zK3FZRKVCfNFB02j36', '2025-05-12 06:33:17'),
(38, 'Holaaaa', 'holaoaoaaaaa@gmail.com', '$2y$10$C6MKG1CdUcGZbTgmlPxT/ejAZlUWcUAzJ5dFfiYreFbNy60AxSJr2', '2025-05-12 06:35:18'),
(39, 'Holaaaa', 'holaoaoaaaaaa@gmail.com', '$2y$10$AHNqrk1UL96j8OCM8ZTTVea6XoZzffllbmG1nXEbf.80F0qbt5klG', '2025-05-12 06:35:47'),
(40, 'adios', 'adios@gmail.com', '$2y$10$azPlgq3LV0ShFGi8HN02XO/s1o/7V/36RYiUQTCwZNeiW72CnLCQy', '2025-05-12 06:38:48'),
(41, 'testuser', 'pass@gmail.com', '$2y$10$eC01srBEivvKgUP6xM3s1eeEeuJrKwePLceXMnCKnVWTxtDRPy2mm', '2025-05-14 06:03:10'),
(42, 'Prueba', 'prueba@gmail.com', '$2y$10$p3CL7FBSC1o9hJ80BSl68ughBKkjxSS79Y0tiVmn8fCAPWdpw7cIK', '2025-05-17 06:46:44'),
(43, 'pass', 'passs@gmail.com', '$2y$10$.SaNtuoswSRFMl6g09AeTevnWDnRcUvd3oadyElNkQ0UfS4PAj3sq', '2025-05-17 18:09:15');

--
-- Índices para tablas volcadas
--

--
-- Indices de la tabla `comments`
--
ALTER TABLE `comments`
  ADD PRIMARY KEY (`id`),
  ADD KEY `media_id` (`media_id`),
  ADD KEY `idx_comments_user_id` (`user_id`);

--
-- Indices de la tabla `comment_replies`
--
ALTER TABLE `comment_replies`
  ADD PRIMARY KEY (`id`),
  ADD KEY `comment_id` (`comment_id`),
  ADD KEY `user_id` (`user_id`);

--
-- Indices de la tabla `contributors`
--
ALTER TABLE `contributors`
  ADD PRIMARY KEY (`id`);

--
-- Indices de la tabla `creditos`
--
ALTER TABLE `creditos`
  ADD PRIMARY KEY (`id`),
  ADD KEY `fk_creditos_media` (`mediaID`),
  ADD KEY `fk_creditos_contributor` (`ContributorID`);

--
-- Indices de la tabla `devices`
--
ALTER TABLE `devices`
  ADD PRIMARY KEY (`id`),
  ADD UNIQUE KEY `token` (`token`),
  ADD KEY `user_id` (`user_id`);

--
-- Indices de la tabla `episodes`
--
ALTER TABLE `episodes`
  ADD PRIMARY KEY (`id`),
  ADD UNIQUE KEY `media_id` (`media_id`),
  ADD KEY `idx_episodes_season_id` (`season_id`);

--
-- Indices de la tabla `generomedia`
--
ALTER TABLE `generomedia`
  ADD PRIMARY KEY (`id`),
  ADD KEY `generomedia_ibfk_1` (`media`),
  ADD KEY `generomedia_ibfk_2` (`genero`);

--
-- Indices de la tabla `generos`
--
ALTER TABLE `generos`
  ADD PRIMARY KEY (`id`),
  ADD UNIQUE KEY `nombre_genero` (`nombre_genero`);

--
-- Indices de la tabla `media`
--
ALTER TABLE `media`
  ADD PRIMARY KEY (`id`);

--
-- Indices de la tabla `movies`
--
ALTER TABLE `movies`
  ADD PRIMARY KEY (`id`),
  ADD UNIQUE KEY `media_id` (`media_id`);

--
-- Indices de la tabla `playlists`
--
ALTER TABLE `playlists`
  ADD PRIMARY KEY (`id`),
  ADD KEY `user_id` (`user_id`);

--
-- Indices de la tabla `playlist_items`
--
ALTER TABLE `playlist_items`
  ADD PRIMARY KEY (`id`),
  ADD KEY `media_id` (`media_id`),
  ADD KEY `idx_playlist_items_playlist_id` (`playlist_id`);

--
-- Indices de la tabla `reparto`
--
ALTER TABLE `reparto`
  ADD PRIMARY KEY (`id`),
  ADD KEY `fk_reparto_media` (`media_id`),
  ADD KEY `fk_reparto_contributor` (`contributor_id`);

--
-- Indices de la tabla `seasons`
--
ALTER TABLE `seasons`
  ADD PRIMARY KEY (`id`),
  ADD UNIQUE KEY `media_id` (`media_id`),
  ADD KEY `idx_seasons_series_id` (`series_id`);

--
-- Indices de la tabla `series`
--
ALTER TABLE `series`
  ADD PRIMARY KEY (`id`),
  ADD UNIQUE KEY `media_id` (`media_id`);

--
-- Indices de la tabla `users`
--
ALTER TABLE `users`
  ADD PRIMARY KEY (`id`),
  ADD UNIQUE KEY `email` (`email`);

--
-- AUTO_INCREMENT de las tablas volcadas
--

--
-- AUTO_INCREMENT de la tabla `comments`
--
ALTER TABLE `comments`
  MODIFY `id` int(11) NOT NULL AUTO_INCREMENT;

--
-- AUTO_INCREMENT de la tabla `comment_replies`
--
ALTER TABLE `comment_replies`
  MODIFY `id` int(11) NOT NULL AUTO_INCREMENT;

--
-- AUTO_INCREMENT de la tabla `contributors`
--
ALTER TABLE `contributors`
  MODIFY `id` int(11) NOT NULL AUTO_INCREMENT, AUTO_INCREMENT=21;

--
-- AUTO_INCREMENT de la tabla `creditos`
--
ALTER TABLE `creditos`
  MODIFY `id` int(11) NOT NULL AUTO_INCREMENT, AUTO_INCREMENT=4096;

--
-- AUTO_INCREMENT de la tabla `devices`
--
ALTER TABLE `devices`
  MODIFY `id` int(11) NOT NULL AUTO_INCREMENT, AUTO_INCREMENT=11;

--
-- AUTO_INCREMENT de la tabla `episodes`
--
ALTER TABLE `episodes`
  MODIFY `id` int(11) NOT NULL AUTO_INCREMENT;

--
-- AUTO_INCREMENT de la tabla `generomedia`
--
ALTER TABLE `generomedia`
  MODIFY `id` int(11) NOT NULL AUTO_INCREMENT, AUTO_INCREMENT=2047;

--
-- AUTO_INCREMENT de la tabla `media`
--
ALTER TABLE `media`
  MODIFY `id` int(11) NOT NULL AUTO_INCREMENT, AUTO_INCREMENT=255;

--
-- AUTO_INCREMENT de la tabla `movies`
--
ALTER TABLE `movies`
  MODIFY `id` int(11) NOT NULL AUTO_INCREMENT, AUTO_INCREMENT=128;

--
-- AUTO_INCREMENT de la tabla `playlists`
--
ALTER TABLE `playlists`
  MODIFY `id` int(11) NOT NULL AUTO_INCREMENT;

--
-- AUTO_INCREMENT de la tabla `playlist_items`
--
ALTER TABLE `playlist_items`
  MODIFY `id` int(11) NOT NULL AUTO_INCREMENT;

--
-- AUTO_INCREMENT de la tabla `reparto`
--
ALTER TABLE `reparto`
  MODIFY `id` int(11) NOT NULL AUTO_INCREMENT;

--
-- AUTO_INCREMENT de la tabla `seasons`
--
ALTER TABLE `seasons`
  MODIFY `id` int(11) NOT NULL AUTO_INCREMENT;

--
-- AUTO_INCREMENT de la tabla `series`
--
ALTER TABLE `series`
  MODIFY `id` int(11) NOT NULL AUTO_INCREMENT, AUTO_INCREMENT=128;

--
-- AUTO_INCREMENT de la tabla `users`
--
ALTER TABLE `users`
  MODIFY `id` int(11) NOT NULL AUTO_INCREMENT, AUTO_INCREMENT=44;

--
-- Restricciones para tablas volcadas
--

--
-- Filtros para la tabla `comments`
--
ALTER TABLE `comments`
  ADD CONSTRAINT `comments_ibfk_1` FOREIGN KEY (`user_id`) REFERENCES `users` (`id`),
  ADD CONSTRAINT `comments_ibfk_2` FOREIGN KEY (`media_id`) REFERENCES `media` (`id`);

--
-- Filtros para la tabla `comment_replies`
--
ALTER TABLE `comment_replies`
  ADD CONSTRAINT `comment_replies_ibfk_1` FOREIGN KEY (`comment_id`) REFERENCES `comments` (`id`),
  ADD CONSTRAINT `comment_replies_ibfk_2` FOREIGN KEY (`user_id`) REFERENCES `users` (`id`);

--
-- Filtros para la tabla `creditos`
--
ALTER TABLE `creditos`
  ADD CONSTRAINT `fk_creditos_contributor` FOREIGN KEY (`ContributorID`) REFERENCES `contributors` (`id`) ON DELETE CASCADE ON UPDATE CASCADE,
  ADD CONSTRAINT `fk_creditos_media` FOREIGN KEY (`mediaID`) REFERENCES `media` (`id`) ON DELETE CASCADE ON UPDATE CASCADE;

--
-- Filtros para la tabla `devices`
--
ALTER TABLE `devices`
  ADD CONSTRAINT `devices_ibfk_1` FOREIGN KEY (`user_id`) REFERENCES `users` (`id`);

--
-- Filtros para la tabla `episodes`
--
ALTER TABLE `episodes`
  ADD CONSTRAINT `episodes_ibfk_1` FOREIGN KEY (`season_id`) REFERENCES `seasons` (`id`),
  ADD CONSTRAINT `episodes_ibfk_2` FOREIGN KEY (`media_id`) REFERENCES `media` (`id`) ON DELETE CASCADE ON UPDATE CASCADE;

--
-- Filtros para la tabla `generomedia`
--
ALTER TABLE `generomedia`
  ADD CONSTRAINT `generomedia_ibfk_1` FOREIGN KEY (`media`) REFERENCES `media` (`id`) ON DELETE CASCADE ON UPDATE CASCADE,
  ADD CONSTRAINT `generomedia_ibfk_2` FOREIGN KEY (`genero`) REFERENCES `generos` (`id`) ON DELETE CASCADE ON UPDATE CASCADE;

--
-- Filtros para la tabla `movies`
--
ALTER TABLE `movies`
  ADD CONSTRAINT `movies_ibfk_1` FOREIGN KEY (`media_id`) REFERENCES `media` (`id`) ON DELETE CASCADE ON UPDATE CASCADE;

--
-- Filtros para la tabla `reparto`
--
ALTER TABLE `reparto`
  ADD CONSTRAINT `fk_reparto_contributor` FOREIGN KEY (`contributor_id`) REFERENCES `contributors` (`id`) ON DELETE CASCADE ON UPDATE CASCADE,
  ADD CONSTRAINT `fk_reparto_media` FOREIGN KEY (`media_id`) REFERENCES `media` (`id`) ON DELETE CASCADE ON UPDATE CASCADE;

--
-- Filtros para la tabla `seasons`
--
ALTER TABLE `seasons`
  ADD CONSTRAINT `seasons_ibfk_1` FOREIGN KEY (`media_id`) REFERENCES `media` (`id`) ON DELETE CASCADE ON UPDATE CASCADE,
  ADD CONSTRAINT `seasons_ibfk_2` FOREIGN KEY (`series_id`) REFERENCES `series` (`id`);

--
-- Filtros para la tabla `series`
--
ALTER TABLE `series`
  ADD CONSTRAINT `series_ibfk_1` FOREIGN KEY (`media_id`) REFERENCES `media` (`id`) ON DELETE CASCADE ON UPDATE CASCADE;
COMMIT;

/*!40101 SET CHARACTER_SET_CLIENT=@OLD_CHARACTER_SET_CLIENT */;
/*!40101 SET CHARACTER_SET_RESULTS=@OLD_CHARACTER_SET_RESULTS */;
/*!40101 SET COLLATION_CONNECTION=@OLD_COLLATION_CONNECTION */;
